target	category	k562_cells	rpe1_cells	k562_control_count	rpe1_control_count	cross_context_eligible
AAMP	K562 only	76	0	10691	11485	False
AARS	shared	38	56	10691	11485	True
AASDHPPT	RPE1 only	0	61	10691	11485	False
AATF	shared	254	26	10691	11485	False
ABCB10	RPE1 only	0	26	10691	11485	False
ABCB7	shared	192	45	10691	11485	True
ABCE1	shared	207	48	10691	11485	True
ABCF1	shared	202	82	10691	11485	True
ABT1	shared	92	24	10691	11485	False
AC118549.1	RPE1 only	0	58	10691	11485	False
ACD	RPE1 only	0	45	10691	11485	False
ACSS2	RPE1 only	0	81	10691	11485	False
ACTB	shared	123	229	10691	11485	True
ACTL6A	K562 only	45	0	10691	11485	False
ACTR10	RPE1 only	0	28	10691	11485	False
ACTR2	RPE1 only	0	63	10691	11485	False
ACTR5	RPE1 only	0	63	10691	11485	False
ACTR6	shared	104	103	10691	11485	True
ACTR8	shared	242	86	10691	11485	True
ADAM10	RPE1 only	0	358	10691	11485	False
ADAT3	RPE1 only	0	286	10691	11485	False
ADRM1	RPE1 only	0	70	10691	11485	False
AFG3L2	RPE1 only	0	82	10691	11485	False
AGBL5	RPE1 only	0	41	10691	11485	False
AHCTF1	shared	161	71	10691	11485	True
AHCY	K562 only	133	0	10691	11485	False
AKIRIN2	shared	144	29	10691	11485	False
ALDOA	shared	77	70	10691	11485	True
ALG1	RPE1 only	0	81	10691	11485	False
ALG13	shared	167	43	10691	11485	True
ALG14	RPE1 only	0	111	10691	11485	False
ALG1L	RPE1 only	0	212	10691	11485	False
ALG2	shared	228	76	10691	11485	True
ALYREF	K562 only	141	0	10691	11485	False
ANAPC1	RPE1 only	0	71	10691	11485	False
ANAPC11	RPE1 only	0	65	10691	11485	False
ANAPC13	RPE1 only	0	111	10691	11485	False
ANAPC2	shared	237	30	10691	11485	True
ANAPC4	K562 only	59	0	10691	11485	False
ANAPC5	RPE1 only	0	40	10691	11485	False
ANKLE2	RPE1 only	0	47	10691	11485	False
ANKRD11	shared	184	149	10691	11485	True
ANKRD17	RPE1 only	0	24	10691	11485	False
ANKRD49	RPE1 only	0	92	10691	11485	False
AP2M1	RPE1 only	0	202	10691	11485	False
AP2S1	K562 only	98	0	10691	11485	False
AQR	K562 only	82	0	10691	11485	False
ARCN1	shared	214	42	10691	11485	True
ARGLU1	shared	442	91	10691	11485	True
ARHGAP6	RPE1 only	0	50	10691	11485	False
ARIH1	shared	57	56	10691	11485	True
ARL2	shared	70	193	10691	11485	True
ARMC7	shared	110	74	10691	11485	True
ARPC2	RPE1 only	0	91	10691	11485	False
ARPC3	RPE1 only	0	54	10691	11485	False
ARPC4	shared	188	70	10691	11485	True
ASCC3	RPE1 only	0	118	10691	11485	False
ATF4	K562 only	52	0	10691	11485	False
ATF5	shared	133	65	10691	11485	True
ATIC	RPE1 only	0	85	10691	11485	False
ATL2	RPE1 only	0	69	10691	11485	False
ATP11B	RPE1 only	0	121	10691	11485	False
ATP1A1	K562 only	71	0	10691	11485	False
ATP2A2	RPE1 only	0	135	10691	11485	False
ATP5F1C	RPE1 only	0	44	10691	11485	False
ATP5MF	RPE1 only	0	223	10691	11485	False
ATP5PO	RPE1 only	0	135	10691	11485	False
ATP6AP1	shared	114	174	10691	11485	True
ATP6AP2	RPE1 only	0	265	10691	11485	False
ATP6V0B	shared	136	107	10691	11485	True
ATP6V0C	shared	47	220	10691	11485	True
ATP6V0D1	RPE1 only	0	91	10691	11485	False
ATP6V1A	shared	89	76	10691	11485	True
ATP6V1B2	shared	406	158	10691	11485	True
ATP6V1D	RPE1 only	0	52	10691	11485	False
ATP6V1E1	RPE1 only	0	55	10691	11485	False
ATP6V1G1	RPE1 only	0	124	10691	11485	False
ATP6V1H	RPE1 only	0	78	10691	11485	False
ATR	shared	133	158	10691	11485	True
ATRIP	shared	183	74	10691	11485	True
ATXN10	RPE1 only	0	55	10691	11485	False
AURKA	RPE1 only	0	31	10691	11485	False
AURKAIP1	RPE1 only	0	25	10691	11485	False
BAG6	RPE1 only	0	68	10691	11485	False
BANF1	RPE1 only	0	29	10691	11485	False
BANP	shared	101	32	10691	11485	True
BAP1	shared	190	110	10691	11485	True
BCAR1	RPE1 only	0	593	10691	11485	False
BCAS2	shared	197	33	10691	11485	True
BCL2L1	RPE1 only	0	373	10691	11485	False
BDP1	shared	277	42	10691	11485	True
BET1	RPE1 only	0	67	10691	11485	False
BGLAP	shared	236	59	10691	11485	True
BMS1	shared	18	50	10691	11485	False
BNIP1	shared	107	57	10691	11485	True
BOD1L1	RPE1 only	0	86	10691	11485	False
BOP1	shared	103	108	10691	11485	True
BORA	RPE1 only	0	73	10691	11485	False
BPTF	RPE1 only	0	84	10691	11485	False
BRCA2	RPE1 only	0	80	10691	11485	False
BRD2	RPE1 only	0	81	10691	11485	False
BRD8	K562 only	68	0	10691	11485	False
BRF1	RPE1 only	0	60	10691	11485	False
BRF2	RPE1 only	0	94	10691	11485	False
BRIX1	shared	109	38	10691	11485	True
BRK1	RPE1 only	0	47	10691	11485	False
BTAF1	RPE1 only	0	72	10691	11485	False
BTF3	shared	65	96	10691	11485	True
BUB1	RPE1 only	0	74	10691	11485	False
BUB1B	RPE1 only	0	102	10691	11485	False
BUB3	K562 only	246	0	10691	11485	False
BUD13	shared	160	36	10691	11485	True
BUD31	shared	15	33	10691	11485	False
BYSL	K562 only	87	0	10691	11485	False
C12ORF45	K562 only	94	0	10691	11485	False
C12ORF60	RPE1 only	0	42	10691	11485	False
C14ORF178	shared	143	292	10691	11485	True
C19ORF25	RPE1 only	0	50	10691	11485	False
C1D	RPE1 only	0	51	10691	11485	False
C1QBP	K562 only	180	0	10691	11485	False
C5ORF30	RPE1 only	0	43	10691	11485	False
C7ORF26	shared	84	378	10691	11485	True
C9ORF16	RPE1 only	0	152	10691	11485	False
C9ORF78	RPE1 only	0	92	10691	11485	False
CABIN1	RPE1 only	0	161	10691	11485	False
CACTIN	shared	55	90	10691	11485	True
CALR	RPE1 only	0	73	10691	11485	False
CAMLG	RPE1 only	0	155	10691	11485	False
CAPZB	shared	64	77	10691	11485	True
CARS	RPE1 only	0	48	10691	11485	False
CASC3	RPE1 only	0	168	10691	11485	False
CASP8AP2	shared	192	24	10691	11485	False
CAST	RPE1 only	0	30	10691	11485	False
CBLL1	shared	93	74	10691	11485	True
CCAR1	RPE1 only	0	103	10691	11485	False
CCDC115	RPE1 only	0	52	10691	11485	False
CCDC130	RPE1 only	0	93	10691	11485	False
CCDC137	RPE1 only	0	40	10691	11485	False
CCDC174	shared	97	26	10691	11485	False
CCDC59	shared	100	44	10691	11485	True
CCDC6	RPE1 only	0	1051	10691	11485	False
CCDC78	RPE1 only	0	492	10691	11485	False
CCDC84	shared	77	42	10691	11485	True
CCDC86	K562 only	235	0	10691	11485	False
CCNC	RPE1 only	0	122	10691	11485	False
CCNH	shared	75	69	10691	11485	True
CCNK	shared	211	273	10691	11485	True
CCNL1	RPE1 only	0	51	10691	11485	False
CCNQ	RPE1 only	0	40	10691	11485	False
CCT2	shared	175	51	10691	11485	True
CCT3	shared	217	51	10691	11485	True
CCT4	shared	215	60	10691	11485	True
CCT5	K562 only	63	0	10691	11485	False
CCT6A	shared	96	64	10691	11485	True
CCT7	shared	141	58	10691	11485	True
CCT8	shared	95	44	10691	11485	True
CD2BP2	RPE1 only	0	59	10691	11485	False
CD3EAP	shared	85	38	10691	11485	True
CDAN1	shared	137	41	10691	11485	True
CDC123	shared	96	31	10691	11485	True
CDC16	shared	142	94	10691	11485	True
CDC23	K562 only	158	0	10691	11485	False
CDC26	RPE1 only	0	27	10691	11485	False
CDC27	shared	245	30	10691	11485	True
CDC40	K562 only	84	0	10691	11485	False
CDC42	RPE1 only	0	33	10691	11485	False
CDC45	RPE1 only	0	23	10691	11485	False
CDC5L	shared	77	66	10691	11485	True
CDC6	shared	153	78	10691	11485	True
CDC7	RPE1 only	0	30	10691	11485	False
CDC73	shared	140	56	10691	11485	True
CDCA5	RPE1 only	0	84	10691	11485	False
CDIPT	RPE1 only	0	81	10691	11485	False
CDK1	shared	239	79	10691	11485	True
CDK12	RPE1 only	0	60	10691	11485	False
CDK2	RPE1 only	0	204	10691	11485	False
CDK9	shared	134	31	10691	11485	True
CDT1	RPE1 only	0	101	10691	11485	False
CEBPZ	shared	89	45	10691	11485	True
CENPC	shared	116	43	10691	11485	True
CENPE	shared	171	34	10691	11485	True
CENPH	RPE1 only	0	35	10691	11485	False
CENPI	RPE1 only	0	28	10691	11485	False
CENPJ	shared	265	49	10691	11485	True
CENPK	shared	93	70	10691	11485	True
CENPN	RPE1 only	0	73	10691	11485	False
CENPP	RPE1 only	0	27	10691	11485	False
CENPW	RPE1 only	0	130	10691	11485	False
CEP192	shared	184	53	10691	11485	True
CEP85	RPE1 only	0	67	10691	11485	False
CFDP1	RPE1 only	0	80	10691	11485	False
CFL1	RPE1 only	0	139	10691	11485	False
CHAF1A	shared	33	26	10691	11485	False
CHAF1B	shared	82	56	10691	11485	True
CHCHD3	RPE1 only	0	42	10691	11485	False
CHCHD4	shared	132	136	10691	11485	True
CHD4	shared	31	109	10691	11485	True
CHEK1	shared	205	49	10691	11485	True
CHERP	shared	54	58	10691	11485	True
CHMP1A	K562 only	71	0	10691	11485	False
CHMP2A	K562 only	61	0	10691	11485	False
CHMP3	shared	119	32	10691	11485	True
CHMP5	RPE1 only	0	64	10691	11485	False
CHMP6	shared	620	104	10691	11485	True
CHMP7	RPE1 only	0	68	10691	11485	False
CHORDC1	RPE1 only	0	142	10691	11485	False
CHTF18	RPE1 only	0	118	10691	11485	False
CIAO1	RPE1 only	0	88	10691	11485	False
CIAPIN1	shared	139	95	10691	11485	True
CINP	shared	73	40	10691	11485	True
CKAP5	shared	159	83	10691	11485	True
CLASRP	RPE1 only	0	332	10691	11485	False
CLNS1A	shared	46	68	10691	11485	True
CLOCK	RPE1 only	0	647	10691	11485	False
CLP1	shared	51	27	10691	11485	False
CLSPN	shared	76	23	10691	11485	False
CLTC	shared	129	34	10691	11485	True
CMTR1	shared	138	80	10691	11485	True
CNIH4	shared	65	97	10691	11485	True
CNOT1	shared	202	92	10691	11485	True
CNOT10	RPE1 only	0	88	10691	11485	False
CNOT11	RPE1 only	0	67	10691	11485	False
CNOT2	shared	64	62	10691	11485	True
CNOT3	shared	303	54	10691	11485	True
CNOT9	RPE1 only	0	32	10691	11485	False
COASY	RPE1 only	0	59	10691	11485	False
COG1	RPE1 only	0	66	10691	11485	False
COG2	shared	332	40	10691	11485	True
COG3	K562 only	55	0	10691	11485	False
COG4	RPE1 only	0	62	10691	11485	False
COG6	RPE1 only	0	94	10691	11485	False
COMTD1	RPE1 only	0	138	10691	11485	False
COPB1	shared	56	15	10691	11485	False
COPB2	K562 only	60	0	10691	11485	False
COPS2	shared	44	41	10691	11485	True
COPS3	shared	59	43	10691	11485	True
COPS4	shared	253	42	10691	11485	True
COPS5	shared	72	28	10691	11485	False
COPS6	shared	222	47	10691	11485	True
COPS8	shared	198	72	10691	11485	True
COPZ1	K562 only	92	0	10691	11485	False
COQ4	RPE1 only	0	40	10691	11485	False
COTL1	RPE1 only	0	108	10691	11485	False
COX11	shared	103	114	10691	11485	True
COX15	shared	103	47	10691	11485	True
COX17	K562 only	129	0	10691	11485	False
COX7C	K562 only	154	0	10691	11485	False
CPEB1	RPE1 only	0	32	10691	11485	False
CPNE1	RPE1 only	0	56	10691	11485	False
CPNE7	RPE1 only	0	184	10691	11485	False
CPSF1	shared	48	50	10691	11485	True
CPSF3	shared	575	173	10691	11485	True
CPSF4	shared	57	32	10691	11485	True
CPSF6	shared	43	25	10691	11485	False
CRCP	RPE1 only	0	91	10691	11485	False
CRKL	RPE1 only	0	35	10691	11485	False
CRNKL1	K562 only	215	0	10691	11485	False
CS	RPE1 only	0	99	10691	11485	False
CSDE1	RPE1 only	0	54	10691	11485	False
CSE1L	shared	373	252	10691	11485	True
CSNK1A1	K562 only	131	0	10691	11485	False
CSNK2B	shared	110	68	10691	11485	True
CSTF1	shared	129	113	10691	11485	True
CSTF3	shared	59	58	10691	11485	True
CTDP1	K562 only	117	0	10691	11485	False
CTNNBL1	shared	65	76	10691	11485	True
CTPS1	RPE1 only	0	25	10691	11485	False
CTR9	shared	197	38	10691	11485	True
CTU2	RPE1 only	0	81	10691	11485	False
CUL1	shared	181	69	10691	11485	True
CUL2	shared	84	29	10691	11485	False
CUL3	RPE1 only	0	93	10691	11485	False
CUL7	shared	33	36	10691	11485	True
CWC15	shared	144	57	10691	11485	True
CWC22	K562 only	28	0	10691	11485	False
CWC25	RPE1 only	0	31	10691	11485	False
CWF19L2	shared	187	58	10691	11485	True
CXXC1	shared	115	92	10691	11485	True
CYC1	RPE1 only	0	73	10691	11485	False
CYCS	K562 only	160	0	10691	11485	False
CYFIP1	RPE1 only	0	27	10691	11485	False
CYREN	RPE1 only	0	45	10691	11485	False
DAD1	shared	72	36	10691	11485	True
DAP3	K562 only	141	0	10691	11485	False
DARS	shared	60	30	10691	11485	True
DAXX	RPE1 only	0	111	10691	11485	False
DBR1	shared	96	131	10691	11485	True
DCTN2	RPE1 only	0	99	10691	11485	False
DCTN3	RPE1 only	0	144	10691	11485	False
DCTN4	RPE1 only	0	110	10691	11485	False
DCTN6	RPE1 only	0	71	10691	11485	False
DCUN1D5	shared	164	79	10691	11485	True
DDB1	shared	85	74	10691	11485	True
DDOST	shared	74	53	10691	11485	True
DDX1	RPE1 only	0	121	10691	11485	False
DDX10	shared	97	32	10691	11485	True
DDX17	RPE1 only	0	154	10691	11485	False
DDX18	K562 only	112	0	10691	11485	False
DDX19A	RPE1 only	0	393	10691	11485	False
DDX20	shared	110	44	10691	11485	True
DDX21	shared	76	26	10691	11485	False
DDX23	shared	126	168	10691	11485	True
DDX24	K562 only	230	0	10691	11485	False
DDX27	shared	40	32	10691	11485	True
DDX41	shared	259	30	10691	11485	True
DDX46	shared	140	95	10691	11485	True
DDX47	shared	313	93	10691	11485	True
DDX49	K562 only	41	0	10691	11485	False
DDX5	shared	134	197	10691	11485	True
DDX51	shared	120	54	10691	11485	True
DDX52	shared	106	34	10691	11485	True
DDX54	shared	68	72	10691	11485	True
DDX55	shared	150	76	10691	11485	True
DDX56	shared	144	26	10691	11485	False
DDX59	shared	152	46	10691	11485	True
DDX6	K562 only	56	0	10691	11485	False
DENR	shared	228	77	10691	11485	True
DERL2	shared	122	140	10691	11485	True
DESI1	RPE1 only	0	29	10691	11485	False
DGCR8	RPE1 only	0	43	10691	11485	False
DHDDS	shared	95	59	10691	11485	True
DHODH	K562 only	207	0	10691	11485	False
DHPS	RPE1 only	0	73	10691	11485	False
DHX15	shared	313	76	10691	11485	True
DHX16	shared	305	71	10691	11485	True
DHX30	RPE1 only	0	105	10691	11485	False
DHX33	shared	127	44	10691	11485	True
DHX36	shared	248	71	10691	11485	True
DHX37	shared	202	40	10691	11485	True
DHX8	RPE1 only	0	88	10691	11485	False
DHX9	RPE1 only	0	82	10691	11485	False
DICER1	shared	153	94	10691	11485	True
DIMT1	shared	83	35	10691	11485	True
DIS3	K562 only	40	0	10691	11485	False
DKC1	shared	51	23	10691	11485	False
DLD	shared	283	71	10691	11485	True
DMAP1	shared	71	43	10691	11485	True
DNAJA3	shared	122	155	10691	11485	True
DNAJC17	shared	30	73	10691	11485	True
DNAJC19	K562 only	328	0	10691	11485	False
DNAJC8	shared	267	138	10691	11485	True
DNM1L	K562 only	144	0	10691	11485	False
DNM2	RPE1 only	0	52	10691	11485	False
DNMT1	shared	146	102	10691	11485	True
DNTTIP2	K562 only	235	0	10691	11485	False
DOHH	shared	152	118	10691	11485	True
DOLK	RPE1 only	0	121	10691	11485	False
DONSON	K562 only	688	0	10691	11485	False
DPAGT1	RPE1 only	0	60	10691	11485	False
DPH1	RPE1 only	0	239	10691	11485	False
DPH2	shared	161	57	10691	11485	True
DPH3	RPE1 only	0	60	10691	11485	False
DPY19L4	RPE1 only	0	184	10691	11485	False
DR1	shared	103	37	10691	11485	True
DRAP1	shared	184	139	10691	11485	True
DSN1	shared	234	38	10691	11485	True
DSTYK	RPE1 only	0	258	10691	11485	False
DTL	shared	87	47	10691	11485	True
DTYMK	K562 only	73	0	10691	11485	False
DUT	shared	47	50	10691	11485	True
DYNC1H1	shared	217	31	10691	11485	True
DYNC1I2	shared	239	52	10691	11485	True
DYNLL1	shared	57	64	10691	11485	True
DYNLL2	RPE1 only	0	212	10691	11485	False
DYNLRB1	shared	192	125	10691	11485	True
E4F1	shared	130	49	10691	11485	True
EARS2	RPE1 only	0	129	10691	11485	False
EBNA1BP2	shared	70	32	10691	11485	True
ECD	shared	69	48	10691	11485	True
EDC4	RPE1 only	0	94	10691	11485	False
EEF1G	shared	170	60	10691	11485	True
EEF2	shared	192	62	10691	11485	True
EEFSEC	RPE1 only	0	35	10691	11485	False
EFR3A	RPE1 only	0	214	10691	11485	False
EFTUD2	shared	73	98	10691	11485	True
EHMT2	RPE1 only	0	171	10691	11485	False
EIF1	RPE1 only	0	146	10691	11485	False
EIF1AX	shared	97	53	10691	11485	True
EIF2B1	shared	162	100	10691	11485	True
EIF2B2	shared	307	147	10691	11485	True
EIF2B3	shared	96	103	10691	11485	True
EIF2B4	shared	301	65	10691	11485	True
EIF2B5	shared	412	114	10691	11485	True
EIF2S1	shared	208	75	10691	11485	True
EIF2S2	shared	77	33	10691	11485	True
EIF2S3	shared	48	62	10691	11485	True
EIF3A	shared	277	54	10691	11485	True
EIF3B	shared	25	109	10691	11485	False
EIF3CL	shared	44	337	10691	11485	True
EIF3D	shared	144	49	10691	11485	True
EIF3E	shared	165	44	10691	11485	True
EIF3F	K562 only	36	0	10691	11485	False
EIF3G	K562 only	57	0	10691	11485	False
EIF3H	K562 only	341	0	10691	11485	False
EIF3I	shared	42	73	10691	11485	True
EIF3J	shared	72	64	10691	11485	True
EIF3L	RPE1 only	0	114	10691	11485	False
EIF3M	shared	217	63	10691	11485	True
EIF4A1	RPE1 only	0	49	10691	11485	False
EIF4A3	RPE1 only	0	20	10691	11485	False
EIF4B	RPE1 only	0	380	10691	11485	False
EIF4E	shared	324	65	10691	11485	True
EIF4G1	shared	294	69	10691	11485	True
EIF4G2	shared	243	155	10691	11485	True
EIF4H	RPE1 only	0	148	10691	11485	False
EIF5	K562 only	115	0	10691	11485	False
EIF5A	shared	95	61	10691	11485	True
EIF6	shared	107	57	10691	11485	True
ELAC2	RPE1 only	0	99	10691	11485	False
ELL	RPE1 only	0	168	10691	11485	False
ELOB	RPE1 only	0	128	10691	11485	False
ELOF1	RPE1 only	0	150	10691	11485	False
ELP2	RPE1 only	0	72	10691	11485	False
ELP3	shared	117	108	10691	11485	True
ELP4	RPE1 only	0	27	10691	11485	False
ELP5	shared	167	101	10691	11485	True
ELP6	RPE1 only	0	79	10691	11485	False
EMC3	RPE1 only	0	103	10691	11485	False
EMC4	RPE1 only	0	80	10691	11485	False
EMC7	RPE1 only	0	134	10691	11485	False
ENY2	RPE1 only	0	84	10691	11485	False
EP400	shared	78	60	10691	11485	True
EPB41L2	RPE1 only	0	125	10691	11485	False
EPRS	shared	75	42	10691	11485	True
ERCC2	shared	116	94	10691	11485	True
ERCC3	shared	160	28	10691	11485	False
ERH	shared	50	22	10691	11485	False
ESF1	K562 only	121	0	10691	11485	False
ESPL1	RPE1 only	0	26	10691	11485	False
ESYT1	RPE1 only	0	57	10691	11485	False
ESYT2	RPE1 only	0	49	10691	11485	False
ETF1	shared	48	84	10691	11485	True
ETV4	RPE1 only	0	71	10691	11485	False
EWSR1	RPE1 only	0	88	10691	11485	False
EXOC1	RPE1 only	0	46	10691	11485	False
EXOC2	RPE1 only	0	85	10691	11485	False
EXOC3	RPE1 only	0	52	10691	11485	False
EXOC4	RPE1 only	0	27	10691	11485	False
EXOC5	RPE1 only	0	91	10691	11485	False
EXOC7	shared	32	32	10691	11485	True
EXOSC1	RPE1 only	0	46	10691	11485	False
EXOSC10	K562 only	77	0	10691	11485	False
EXOSC2	shared	209	42	10691	11485	True
EXOSC3	shared	44	54	10691	11485	True
EXOSC4	shared	89	58	10691	11485	True
EXOSC5	shared	38	61	10691	11485	True
EXOSC6	K562 only	63	0	10691	11485	False
EXOSC7	shared	84	43	10691	11485	True
EXOSC8	shared	118	43	10691	11485	True
EXOSC9	shared	30	25	10691	11485	False
FAF2	RPE1 only	0	115	10691	11485	False
FAM102B	RPE1 only	0	81	10691	11485	False
FAM136A	shared	45	504	10691	11485	True
FAM32A	shared	332	44	10691	11485	True
FAM50A	shared	38	116	10691	11485	True
FARS2	RPE1 only	0	27	10691	11485	False
FARSA	shared	128	57	10691	11485	True
FARSB	shared	91	25	10691	11485	False
FASN	RPE1 only	0	71	10691	11485	False
FASTKD5	K562 only	182	0	10691	11485	False
FAU	shared	30	49	10691	11485	True
FBL	K562 only	127	0	10691	11485	False
FBRSL1	RPE1 only	0	77	10691	11485	False
FBXL14	RPE1 only	0	91	10691	11485	False
FBXO42	RPE1 only	0	876	10691	11485	False
FBXO5	K562 only	233	0	10691	11485	False
FBXW7	RPE1 only	0	197	10691	11485	False
FCF1	K562 only	225	0	10691	11485	False
FEN1	RPE1 only	0	47	10691	11485	False
FKBP9	RPE1 only	0	42	10691	11485	False
FNBP4	RPE1 only	0	114	10691	11485	False
FNTA	shared	69	36	10691	11485	True
FOLR3	RPE1 only	0	219	10691	11485	False
FOXO1	RPE1 only	0	65	10691	11485	False
FOXS1	RPE1 only	0	88	10691	11485	False
FTSJ3	shared	153	41	10691	11485	True
FUNDC2	RPE1 only	0	41	10691	11485	False
FXN	RPE1 only	0	33	10691	11485	False
FYN	RPE1 only	0	146	10691	11485	False
GAB2	K562 only	637	0	10691	11485	False
GABPA	RPE1 only	0	62	10691	11485	False
GABPB1	RPE1 only	0	48	10691	11485	False
GAPDH	RPE1 only	0	95	10691	11485	False
GAR1	shared	121	27	10691	11485	False
GARS	shared	148	99	10691	11485	True
GART	RPE1 only	0	45	10691	11485	False
GATA1	K562 only	95	0	10691	11485	False
GBF1	shared	155	93	10691	11485	True
GEMIN4	RPE1 only	0	79	10691	11485	False
GEMIN5	shared	128	95	10691	11485	True
GEMIN6	RPE1 only	0	45	10691	11485	False
GEMIN8	RPE1 only	0	45	10691	11485	False
GET3	RPE1 only	0	161	10691	11485	False
GFER	shared	198	67	10691	11485	True
GFM1	shared	230	1669	10691	11485	True
GFOD2	RPE1 only	0	123	10691	11485	False
GGPS1	RPE1 only	0	52	10691	11485	False
GINS1	shared	181	43	10691	11485	True
GINS2	shared	130	57	10691	11485	True
GINS3	K562 only	98	0	10691	11485	False
GINS4	shared	58	79	10691	11485	True
GIT2	RPE1 only	0	48	10691	11485	False
GLE1	shared	54	81	10691	11485	True
GLRX3	RPE1 only	0	80	10691	11485	False
GMIP	RPE1 only	0	140	10691	11485	False
GMPS	K562 only	94	0	10691	11485	False
GNB1L	RPE1 only	0	105	10691	11485	False
GNL2	shared	295	47	10691	11485	True
GNL3	shared	32	34	10691	11485	True
GNL3L	K562 only	66	0	10691	11485	False
GOLT1B	shared	269	140	10691	11485	True
GON4L	RPE1 only	0	107	10691	11485	False
GPKOW	shared	105	41	10691	11485	True
GPN1	K562 only	76	0	10691	11485	False
GPN2	shared	42	37	10691	11485	True
GPN3	shared	250	34	10691	11485	True
GPS1	shared	372	226	10691	11485	True
GPS2	RPE1 only	0	122	10691	11485	False
GRB2	shared	53	112	10691	11485	True
GRPEL1	shared	96	94	10691	11485	True
GRSF1	shared	146	122	10691	11485	True
GRWD1	RPE1 only	0	69	10691	11485	False
GSK3B	RPE1 only	0	84	10691	11485	False
GSPT1	shared	84	47	10691	11485	True
GTF2A1	shared	105	35	10691	11485	True
GTF2A2	shared	161	55	10691	11485	True
GTF2B	K562 only	34	0	10691	11485	False
GTF2E1	shared	176	46	10691	11485	True
GTF2E2	shared	69	265	10691	11485	True
GTF2F2	shared	52	55	10691	11485	True
GTF2H1	K562 only	409	0	10691	11485	False
GTF2H2	RPE1 only	0	47	10691	11485	False
GTF2H3	RPE1 only	0	66	10691	11485	False
GTF2H4	shared	108	56	10691	11485	True
GTF3A	RPE1 only	0	32	10691	11485	False
GTF3C1	RPE1 only	0	66	10691	11485	False
GTF3C2	RPE1 only	0	77	10691	11485	False
GTF3C3	shared	129	69	10691	11485	True
GTF3C4	RPE1 only	0	889	10691	11485	False
GTF3C5	RPE1 only	0	103	10691	11485	False
GTF3C6	RPE1 only	0	131	10691	11485	False
GTPBP4	shared	54	40	10691	11485	True
GUCD1	shared	247	54	10691	11485	True
GYG1	RPE1 only	0	284	10691	11485	False
H2AFZ	RPE1 only	0	264	10691	11485	False
HARS	shared	263	83	10691	11485	True
HARS2	K562 only	62	0	10691	11485	False
HAUS1	RPE1 only	0	48	10691	11485	False
HAUS3	RPE1 only	0	37	10691	11485	False
HAUS4	shared	183	153	10691	11485	True
HAUS5	shared	153	90	10691	11485	True
HAUS6	RPE1 only	0	61	10691	11485	False
HAUS7	RPE1 only	0	117	10691	11485	False
HAUS8	RPE1 only	0	169	10691	11485	False
HBS1L	shared	120	45	10691	11485	True
HDAC3	RPE1 only	0	58	10691	11485	False
HDAC7	shared	148	86	10691	11485	True
HEATR1	K562 only	216	0	10691	11485	False
HERC1	RPE1 only	0	90	10691	11485	False
HEXIM1	RPE1 only	0	48	10691	11485	False
HGS	shared	96	44	10691	11485	True
HINFP	K562 only	157	0	10691	11485	False
HIPK1	RPE1 only	0	69	10691	11485	False
HIRA	shared	228	221	10691	11485	True
HJURP	RPE1 only	0	116	10691	11485	False
HMGA1	RPE1 only	0	66	10691	11485	False
HMGB3	RPE1 only	0	91	10691	11485	False
HMGCS1	shared	216	259	10691	11485	True
HMX3	RPE1 only	0	54	10691	11485	False
HNRNPA1	RPE1 only	0	133	10691	11485	False
HNRNPC	shared	273	49	10691	11485	True
HNRNPH1	shared	118	145	10691	11485	True
HNRNPK	RPE1 only	0	69	10691	11485	False
HNRNPL	shared	55	81	10691	11485	True
HNRNPM	K562 only	131	0	10691	11485	False
HNRNPR	RPE1 only	0	51	10691	11485	False
HNRNPU	shared	74	72	10691	11485	True
HPS5	RPE1 only	0	39	10691	11485	False
HSCB	shared	85	227	10691	11485	True
HSD17B10	RPE1 only	0	809	10691	11485	False
HSD17B12	K562 only	135	0	10691	11485	False
HSF1	K562 only	87	0	10691	11485	False
HSP90B1	RPE1 only	0	138	10691	11485	False
HSPA14	RPE1 only	0	104	10691	11485	False
HSPA5	shared	248	64	10691	11485	True
HSPA8	K562 only	149	0	10691	11485	False
HSPA9	shared	385	94	10691	11485	True
HSPD1	RPE1 only	0	29	10691	11485	False
HSPE1	shared	27	98	10691	11485	False
HSPH1	RPE1 only	0	25	10691	11485	False
HTATSF1	RPE1 only	0	57	10691	11485	False
HUS1	RPE1 only	0	222	10691	11485	False
HUWE1	shared	77	64	10691	11485	True
HYOU1	RPE1 only	0	64	10691	11485	False
HYPK	K562 only	121	0	10691	11485	False
IARS	shared	45	32	10691	11485	True
IARS2	shared	185	81	10691	11485	True
ICE1	shared	319	61	10691	11485	True
IGBP1	shared	245	71	10691	11485	True
IK	shared	123	191	10691	11485	True
ILF2	shared	55	54	10691	11485	True
ILF3	shared	129	28	10691	11485	False
IMP4	K562 only	148	0	10691	11485	False
IMPA2	RPE1 only	0	40	10691	11485	False
IMPDH2	K562 only	70	0	10691	11485	False
INF2	RPE1 only	0	115	10691	11485	False
ING3	RPE1 only	0	133	10691	11485	False
INO80	shared	143	40	10691	11485	True
INO80B	shared	115	80	10691	11485	True
INO80C	RPE1 only	0	147	10691	11485	False
INO80D	RPE1 only	0	58	10691	11485	False
INO80E	RPE1 only	0	79	10691	11485	False
INPPL1	RPE1 only	0	108	10691	11485	False
INTS1	shared	183	52	10691	11485	True
INTS10	RPE1 only	0	90	10691	11485	False
INTS12	RPE1 only	0	134	10691	11485	False
INTS13	RPE1 only	0	288	10691	11485	False
INTS14	RPE1 only	0	351	10691	11485	False
INTS2	shared	351	69	10691	11485	True
INTS3	shared	103	65	10691	11485	True
INTS4	shared	47	50	10691	11485	True
INTS5	shared	62	56	10691	11485	True
INTS6	shared	112	29	10691	11485	False
INTS7	K562 only	78	0	10691	11485	False
INTS8	shared	307	148	10691	11485	True
INTS9	shared	222	27	10691	11485	False
IPO11	RPE1 only	0	77	10691	11485	False
IPO13	shared	51	74	10691	11485	True
IPO7	RPE1 only	0	45	10691	11485	False
IPO9	shared	173	106	10691	11485	True
IRF2BP2	RPE1 only	0	76	10691	11485	False
ISCA2	RPE1 only	0	143	10691	11485	False
ISCU	shared	32	20	10691	11485	False
ISG20L2	K562 only	72	0	10691	11485	False
IST1	RPE1 only	0	182	10691	11485	False
ISY1	RPE1 only	0	40	10691	11485	False
ITGB1BP1	RPE1 only	0	41	10691	11485	False
IWS1	RPE1 only	0	106	10691	11485	False
JAZF1	shared	209	226	10691	11485	True
JMJD6	RPE1 only	0	183	10691	11485	False
KANSL1	shared	41	27	10691	11485	False
KANSL2	K562 only	151	0	10691	11485	False
KANSL3	shared	182	52	10691	11485	True
KARS	shared	45	26	10691	11485	False
KAT5	RPE1 only	0	32	10691	11485	False
KAT7	RPE1 only	0	67	10691	11485	False
KAT8	shared	254	53	10691	11485	True
KCMF1	RPE1 only	0	42	10691	11485	False
KCTD10	shared	75	99	10691	11485	True
KDM1A	RPE1 only	0	178	10691	11485	False
KDM6A	RPE1 only	0	213	10691	11485	False
KEAP1	RPE1 only	0	163	10691	11485	False
KIAA0586	RPE1 only	0	52	10691	11485	False
KIF18A	RPE1 only	0	26	10691	11485	False
KIF18B	RPE1 only	0	34	10691	11485	False
KIF20A	K562 only	95	0	10691	11485	False
KIN	shared	144	38	10691	11485	True
KLF7	RPE1 only	0	46	10691	11485	False
KLHL17	RPE1 only	0	117	10691	11485	False
KPNA6	RPE1 only	0	37	10691	11485	False
KPNB1	shared	218	177	10691	11485	True
KRI1	shared	51	43	10691	11485	True
KRR1	K562 only	398	0	10691	11485	False
KTI12	RPE1 only	0	130	10691	11485	False
LAMTOR1	RPE1 only	0	321	10691	11485	False
LAMTOR2	K562 only	64	0	10691	11485	False
LAMTOR3	RPE1 only	0	38	10691	11485	False
LAMTOR4	shared	123	122	10691	11485	True
LARS	shared	91	41	10691	11485	True
LAS1L	shared	75	41	10691	11485	True
LDB1	RPE1 only	0	78	10691	11485	False
LENG8	RPE1 only	0	48	10691	11485	False
LEO1	RPE1 only	0	30	10691	11485	False
LETM1	shared	110	153	10691	11485	True
LIN52	RPE1 only	0	31	10691	11485	False
LIN54	K562 only	281	0	10691	11485	False
LMO2	RPE1 only	0	268	10691	11485	False
LONP1	shared	109	77	10691	11485	True
LPIN1	RPE1 only	0	42	10691	11485	False
LRP5	RPE1 only	0	104	10691	11485	False
LRPPRC	shared	98	87	10691	11485	True
LRR1	RPE1 only	0	47	10691	11485	False
LSG1	shared	106	60	10691	11485	True
LSM10	shared	122	93	10691	11485	True
LSM11	K562 only	130	0	10691	11485	False
LSM12	RPE1 only	0	111	10691	11485	False
LSM2	shared	299	29	10691	11485	False
LSM3	shared	67	51	10691	11485	True
LSM4	shared	71	72	10691	11485	True
LSM5	shared	140	72	10691	11485	True
LSM6	shared	423	44	10691	11485	True
LSM7	shared	122	44	10691	11485	True
LTBP4	RPE1 only	0	107	10691	11485	False
LTV1	shared	259	25	10691	11485	False
LUC7L3	K562 only	39	0	10691	11485	False
LZTR1	RPE1 only	0	207	10691	11485	False
MAD2L1	shared	103	95	10691	11485	True
MAD2L2	RPE1 only	0	229	10691	11485	False
MAGOH	shared	149	113	10691	11485	True
MAK16	K562 only	183	0	10691	11485	False
MARS	shared	81	31	10691	11485	True
MARS2	K562 only	74	0	10691	11485	False
MASTL	RPE1 only	0	28	10691	11485	False
MAT2A	shared	45	152	10691	11485	True
MAU2	shared	61	28	10691	11485	False
MAX	shared	161	85	10691	11485	True
MBD3	RPE1 only	0	187	10691	11485	False
MBIP	RPE1 only	0	34	10691	11485	False
MBNL1	RPE1 only	0	37	10691	11485	False
MBTPS1	RPE1 only	0	184	10691	11485	False
MBTPS2	RPE1 only	0	151	10691	11485	False
MCM10	shared	190	50	10691	11485	True
MCM2	shared	114	41	10691	11485	True
MCM3	shared	109	179	10691	11485	True
MCM3AP	shared	100	70	10691	11485	True
MCM4	shared	69	36	10691	11485	True
MCM5	RPE1 only	0	55	10691	11485	False
MCM6	shared	84	120	10691	11485	True
MCM7	RPE1 only	0	38	10691	11485	False
MCMBP	shared	141	88	10691	11485	True
MDN1	shared	68	25	10691	11485	False
MED1	shared	233	56	10691	11485	True
MED10	K562 only	454	0	10691	11485	False
MED11	shared	227	32	10691	11485	True
MED12	shared	567	60	10691	11485	True
MED14	shared	114	94	10691	11485	True
MED16	RPE1 only	0	44	10691	11485	False
MED17	K562 only	143	0	10691	11485	False
MED18	RPE1 only	0	35	10691	11485	False
MED19	shared	526	195	10691	11485	True
MED20	shared	78	29	10691	11485	False
MED21	K562 only	61	0	10691	11485	False
MED22	shared	279	29	10691	11485	False
MED24	RPE1 only	0	34	10691	11485	False
MED26	K562 only	99	0	10691	11485	False
MED28	K562 only	66	0	10691	11485	False
MED29	shared	86	29	10691	11485	False
MED30	K562 only	283	0	10691	11485	False
MED31	K562 only	35	0	10691	11485	False
MED4	shared	56	59	10691	11485	True
MED6	shared	231	23	10691	11485	False
MED7	shared	265	24	10691	11485	False
MED8	shared	94	34	10691	11485	True
MED9	K562 only	119	0	10691	11485	False
MEIS3	RPE1 only	0	114	10691	11485	False
MEN1	RPE1 only	0	99	10691	11485	False
METAP1	RPE1 only	0	55	10691	11485	False
METAP2	K562 only	145	0	10691	11485	False
METTL14	shared	115	71	10691	11485	True
METTL16	shared	42	40	10691	11485	True
METTL21A	RPE1 only	0	105	10691	11485	False
METTL3	shared	127	212	10691	11485	True
MEX3A	shared	165	46	10691	11485	True
MFAP1	shared	164	58	10691	11485	True
MFN2	RPE1 only	0	211	10691	11485	False
MICOS10	K562 only	83	0	10691	11485	False
MIOS	shared	160	130	10691	11485	True
MIS12	RPE1 only	0	25	10691	11485	False
MIS18BP1	RPE1 only	0	33	10691	11485	False
MLLT6	RPE1 only	0	104	10691	11485	False
MLST8	RPE1 only	0	93	10691	11485	False
MMP17	RPE1 only	0	61	10691	11485	False
MMS19	RPE1 only	0	86	10691	11485	False
MMS22L	shared	54	33	10691	11485	True
MNAT1	shared	79	76	10691	11485	True
MOB4	shared	105	65	10691	11485	True
MON1A	RPE1 only	0	172	10691	11485	False
MPHOSPH10	shared	38	27	10691	11485	False
MPHOSPH6	RPE1 only	0	50	10691	11485	False
MRGBP	shared	68	32	10691	11485	True
MRM1	RPE1 only	0	29	10691	11485	False
MRPL10	K562 only	96	0	10691	11485	False
MRPL13	K562 only	80	0	10691	11485	False
MRPL14	K562 only	193	0	10691	11485	False
MRPL16	K562 only	73	0	10691	11485	False
MRPL17	K562 only	96	0	10691	11485	False
MRPL18	K562 only	128	0	10691	11485	False
MRPL19	shared	177	108	10691	11485	True
MRPL2	K562 only	131	0	10691	11485	False
MRPL20	RPE1 only	0	104	10691	11485	False
MRPL22	K562 only	86	0	10691	11485	False
MRPL24	K562 only	183	0	10691	11485	False
MRPL27	K562 only	88	0	10691	11485	False
MRPL3	K562 only	156	0	10691	11485	False
MRPL32	shared	62	72	10691	11485	True
MRPL33	K562 only	126	0	10691	11485	False
MRPL34	RPE1 only	0	159	10691	11485	False
MRPL35	shared	156	1452	10691	11485	True
MRPL36	shared	160	1565	10691	11485	True
MRPL37	K562 only	100	0	10691	11485	False
MRPL38	shared	132	256	10691	11485	True
MRPL39	K562 only	146	0	10691	11485	False
MRPL4	K562 only	109	0	10691	11485	False
MRPL41	K562 only	66	0	10691	11485	False
MRPL43	K562 only	90	0	10691	11485	False
MRPL49	shared	36	30	10691	11485	True
MRPL50	K562 only	147	0	10691	11485	False
MRPL51	K562 only	104	0	10691	11485	False
MRPL53	K562 only	153	0	10691	11485	False
MRPL54	K562 only	112	0	10691	11485	False
MRPL55	K562 only	153	0	10691	11485	False
MRPS10	K562 only	100	0	10691	11485	False
MRPS11	K562 only	90	0	10691	11485	False
MRPS14	shared	82	30	10691	11485	True
MRPS18A	K562 only	108	0	10691	11485	False
MRPS2	K562 only	93	0	10691	11485	False
MRPS21	K562 only	142	0	10691	11485	False
MRPS22	K562 only	142	0	10691	11485	False
MRPS23	K562 only	108	0	10691	11485	False
MRPS24	K562 only	133	0	10691	11485	False
MRPS26	K562 only	111	0	10691	11485	False
MRPS27	K562 only	76	0	10691	11485	False
MRPS28	K562 only	141	0	10691	11485	False
MRPS33	RPE1 only	0	89	10691	11485	False
MRPS34	shared	128	69	10691	11485	True
MRPS35	K562 only	182	0	10691	11485	False
MRPS7	K562 only	101	0	10691	11485	False
MRPS9	K562 only	69	0	10691	11485	False
MRTO4	RPE1 only	0	14	10691	11485	False
MTBP	shared	183	86	10691	11485	True
MTOR	shared	93	98	10691	11485	True
MTPAP	shared	86	82	10691	11485	True
MVD	shared	101	71	10691	11485	True
MVK	RPE1 only	0	422	10691	11485	False
MYBBP1A	shared	106	31	10691	11485	True
MYBL2	shared	81	877	10691	11485	True
MYC	RPE1 only	0	63	10691	11485	False
MYSM1	RPE1 only	0	106	10691	11485	False
MZT1	K562 only	381	0	10691	11485	False
N6AMT1	K562 only	134	0	10691	11485	False
NAA10	shared	113	58	10691	11485	True
NAA15	shared	107	54	10691	11485	True
NAA20	shared	158	89	10691	11485	True
NAA25	shared	162	139	10691	11485	True
NAA30	RPE1 only	0	134	10691	11485	False
NAA35	RPE1 only	0	308	10691	11485	False
NAA50	RPE1 only	0	53	10691	11485	False
NACA	shared	309	23	10691	11485	False
NAE1	shared	87	51	10691	11485	True
NAF1	RPE1 only	0	60	10691	11485	False
NAPG	RPE1 only	0	224	10691	11485	False
NARS	shared	149	65	10691	11485	True
NASP	RPE1 only	0	94	10691	11485	False
NAT10	K562 only	28	0	10691	11485	False
NBAS	shared	94	67	10691	11485	True
NBPF12	RPE1 only	0	1159	10691	11485	False
NCAPD2	RPE1 only	0	106	10691	11485	False
NCAPG	RPE1 only	0	28	10691	11485	False
NCAPG2	RPE1 only	0	39	10691	11485	False
NCAPH	shared	64	36	10691	11485	True
NCAPH2	RPE1 only	0	60	10691	11485	False
NCBP1	shared	53	28	10691	11485	False
NCBP2	shared	765	34	10691	11485	True
NCKAP1	shared	64	81	10691	11485	True
NCL	shared	148	29	10691	11485	False
NDC1	RPE1 only	0	109	10691	11485	False
NDC80	shared	171	94	10691	11485	True
NDOR1	RPE1 only	0	64	10691	11485	False
NDUFA2	shared	111	29	10691	11485	False
NDUFA3	RPE1 only	0	169	10691	11485	False
NDUFA6	K562 only	151	0	10691	11485	False
NDUFA8	K562 only	100	0	10691	11485	False
NDUFAB1	shared	143	67	10691	11485	True
NDUFB10	shared	148	94	10691	11485	True
NDUFB4	K562 only	147	0	10691	11485	False
NDUFB8	K562 only	174	0	10691	11485	False
NDUFV2	RPE1 only	0	79	10691	11485	False
NEDD1	shared	134	140	10691	11485	True
NEDD8	shared	191	54	10691	11485	True
NELFA	shared	82	60	10691	11485	True
NELFB	shared	125	148	10691	11485	True
NELFCD	shared	174	111	10691	11485	True
NELFE	shared	66	97	10691	11485	True
NEPRO	K562 only	42	0	10691	11485	False
NFKBIE	RPE1 only	0	62	10691	11485	False
NFRKB	shared	223	148	10691	11485	True
NFS1	shared	75	56	10691	11485	True
NFYB	RPE1 only	0	78	10691	11485	False
NFYC	RPE1 only	0	111	10691	11485	False
NHP2	RPE1 only	0	44	10691	11485	False
NIFK	shared	203	56	10691	11485	True
NIP7	K562 only	216	0	10691	11485	False
NKAP	shared	106	76	10691	11485	True
NKAPD1	RPE1 only	0	117	10691	11485	False
NLE1	shared	396	36	10691	11485	True
NMD3	shared	57	41	10691	11485	True
NMT1	RPE1 only	0	70	10691	11485	False
NOB1	shared	45	27	10691	11485	False
NOC3L	shared	73	40	10691	11485	True
NOC4L	K562 only	32	0	10691	11485	False
NOL11	shared	219	29	10691	11485	False
NOL12	shared	83	28	10691	11485	False
NOL6	K562 only	107	0	10691	11485	False
NOL7	RPE1 only	0	44	10691	11485	False
NOL8	shared	70	37	10691	11485	True
NOLC1	shared	106	34	10691	11485	True
NOM1	shared	65	57	10691	11485	True
NOMO1	RPE1 only	0	69	10691	11485	False
NOMO3	RPE1 only	0	115	10691	11485	False
NOP10	K562 only	124	0	10691	11485	False
NOP14	shared	38	34	10691	11485	True
NOP16	K562 only	133	0	10691	11485	False
NOP2	K562 only	56	0	10691	11485	False
NOP58	K562 only	39	0	10691	11485	False
NOP9	RPE1 only	0	39	10691	11485	False
NPLOC4	shared	52	182	10691	11485	True
NPM1	RPE1 only	0	40	10691	11485	False
NRBP1	shared	62	149	10691	11485	True
NRDE2	shared	495	46	10691	11485	True
NRF1	shared	71	54	10691	11485	True
NSA2	shared	71	28	10691	11485	False
NSF	RPE1 only	0	62	10691	11485	False
NSL1	RPE1 only	0	51	10691	11485	False
NSMCE2	RPE1 only	0	73	10691	11485	False
NSRP1	shared	188	40	10691	11485	True
NUB1	RPE1 only	0	144	10691	11485	False
NUBP1	shared	144	37	10691	11485	True
NUBP2	RPE1 only	0	88	10691	11485	False
NUDC	shared	108	55	10691	11485	True
NUDCD3	shared	108	129	10691	11485	True
NUDT15	RPE1 only	0	69	10691	11485	False
NUDT21	K562 only	57	0	10691	11485	False
NUF2	shared	404	58	10691	11485	True
NUFIP1	K562 only	57	0	10691	11485	False
NUMA1	K562 only	203	0	10691	11485	False
NUP107	shared	237	138	10691	11485	True
NUP133	shared	70	106	10691	11485	True
NUP153	RPE1 only	0	107	10691	11485	False
NUP160	shared	234	62	10691	11485	True
NUP205	RPE1 only	0	52	10691	11485	False
NUP214	RPE1 only	0	72	10691	11485	False
NUP35	RPE1 only	0	64	10691	11485	False
NUP43	RPE1 only	0	71	10691	11485	False
NUP54	shared	266	79	10691	11485	True
NUP62	shared	86	71	10691	11485	True
NUP85	shared	107	74	10691	11485	True
NUP88	shared	35	111	10691	11485	True
NUP98	shared	410	102	10691	11485	True
NUTF2	shared	44	55	10691	11485	True
NVL	shared	105	33	10691	11485	True
OGFOD1	shared	101	52	10691	11485	True
OGT	shared	31	39	10691	11485	True
OLFML3	RPE1 only	0	135	10691	11485	False
OPA1	shared	53	60	10691	11485	True
ORC1	shared	477	56	10691	11485	True
ORC3	RPE1 only	0	57	10691	11485	False
ORC4	RPE1 only	0	159	10691	11485	False
ORC5	shared	89	112	10691	11485	True
ORC6	RPE1 only	0	33	10691	11485	False
OSBP	RPE1 only	0	27	10691	11485	False
OSGEP	RPE1 only	0	69	10691	11485	False
OSTC	RPE1 only	0	28	10691	11485	False
OTX1	RPE1 only	0	127	10691	11485	False
OXA1L	K562 only	305	0	10691	11485	False
PABPC1	RPE1 only	0	75	10691	11485	False
PABPC4	RPE1 only	0	75	10691	11485	False
PABPN1	shared	121	36	10691	11485	True
PAF1	shared	229	67	10691	11485	True
PAFAH1B1	RPE1 only	0	26	10691	11485	False
PALB2	RPE1 only	0	36	10691	11485	False
PAM16	shared	43	72	10691	11485	True
PARN	RPE1 only	0	153	10691	11485	False
PARS2	RPE1 only	0	292	10691	11485	False
PAXBP1	shared	114	138	10691	11485	True
PCBP1	shared	98	170	10691	11485	True
PCBP2	RPE1 only	0	202	10691	11485	False
PCF11	shared	393	35	10691	11485	True
PCID2	shared	208	145	10691	11485	True
PCM1	RPE1 only	0	27	10691	11485	False
PCNA	shared	82	49	10691	11485	True
PCNX3	RPE1 only	0	171	10691	11485	False
PDAP1	shared	46	36	10691	11485	True
PDCD11	shared	95	47	10691	11485	True
PDCD2	shared	59	29	10691	11485	False
PDCD5	RPE1 only	0	135	10691	11485	False
PDCD7	shared	80	32	10691	11485	True
PDHA1	RPE1 only	0	27	10691	11485	False
PDPK1	RPE1 only	0	43	10691	11485	False
PDRG1	shared	111	27	10691	11485	False
PELO	K562 only	240	0	10691	11485	False
PELP1	shared	60	70	10691	11485	True
PES1	shared	54	32	10691	11485	True
PET117	shared	80	154	10691	11485	True
PEX19	RPE1 only	0	68	10691	11485	False
PFDN2	shared	81	40	10691	11485	True
PFN1	shared	232	122	10691	11485	True
PGAM1	shared	145	114	10691	11485	True
PGAM5	RPE1 only	0	173	10691	11485	False
PGD	K562 only	98	0	10691	11485	False
PGK1	RPE1 only	0	110	10691	11485	False
PGPEP1	K562 only	51	0	10691	11485	False
PGS1	RPE1 only	0	95	10691	11485	False
PHAX	shared	304	108	10691	11485	True
PHB	shared	219	83	10691	11485	True
PHB2	shared	327	64	10691	11485	True
PHF10	RPE1 only	0	124	10691	11485	False
PHF12	RPE1 only	0	51	10691	11485	False
PHF5A	shared	197	45	10691	11485	True
PI4KA	RPE1 only	0	68	10691	11485	False
PIAS1	RPE1 only	0	62	10691	11485	False
PIAS4	shared	173	83	10691	11485	True
PIGH	RPE1 only	0	40	10691	11485	False
PIK3C3	RPE1 only	0	67	10691	11485	False
PIK3R4	RPE1 only	0	68	10691	11485	False
PITRM1	RPE1 only	0	130	10691	11485	False
PKM	shared	64	159	10691	11485	True
PLK1	RPE1 only	0	31	10691	11485	False
PLK4	RPE1 only	0	174	10691	11485	False
PLRG1	shared	80	57	10691	11485	True
PMF1	shared	255	320	10691	11485	True
PMPCA	shared	114	64	10691	11485	True
PMPCB	shared	471	145	10691	11485	True
PNISR	shared	118	64	10691	11485	True
PNKP	RPE1 only	0	54	10691	11485	False
PNN	shared	65	76	10691	11485	True
PNO1	K562 only	114	0	10691	11485	False
PNPT1	shared	112	140	10691	11485	True
POGLUT3	RPE1 only	0	768	10691	11485	False
POLA1	shared	195	53	10691	11485	True
POLA2	shared	212	43	10691	11485	True
POLD1	shared	197	92	10691	11485	True
POLD2	shared	63	97	10691	11485	True
POLD3	shared	65	45	10691	11485	True
POLE	shared	154	38	10691	11485	True
POLL	RPE1 only	0	46	10691	11485	False
POLR1A	K562 only	115	0	10691	11485	False
POLR1B	K562 only	174	0	10691	11485	False
POLR1C	shared	161	177	10691	11485	True
POLR1E	shared	202	69	10691	11485	True
POLR2A	K562 only	264	0	10691	11485	False
POLR2B	shared	234	30	10691	11485	True
POLR2C	K562 only	145	0	10691	11485	False
POLR2D	K562 only	182	0	10691	11485	False
POLR2E	shared	129	53	10691	11485	True
POLR2F	shared	243	53	10691	11485	True
POLR2G	K562 only	131	0	10691	11485	False
POLR2H	K562 only	80	0	10691	11485	False
POLR2I	shared	179	143	10691	11485	True
POLR2L	K562 only	43	0	10691	11485	False
POLR2M	RPE1 only	0	172	10691	11485	False
POLR3B	shared	109	30	10691	11485	True
POLR3C	shared	169	44	10691	11485	True
POLR3D	shared	108	30	10691	11485	True
POLR3E	shared	192	40	10691	11485	True
POLR3F	shared	156	37	10691	11485	True
POLR3H	RPE1 only	0	50	10691	11485	False
POLRMT	shared	208	212	10691	11485	True
POP1	shared	82	31	10691	11485	True
POP4	shared	116	40	10691	11485	True
POP5	shared	50	37	10691	11485	True
POP7	shared	196	56	10691	11485	True
POU3F1	RPE1 only	0	133	10691	11485	False
PPA1	RPE1 only	0	128	10691	11485	False
PPAN	K562 only	87	0	10691	11485	False
PPARGC1B	shared	129	77	10691	11485	True
PPIE	shared	39	25	10691	11485	False
PPIH	shared	93	36	10691	11485	True
PPIL2	RPE1 only	0	37	10691	11485	False
PPIL4	shared	69	86	10691	11485	True
PPP1CA	shared	85	74	10691	11485	True
PPP1R10	RPE1 only	0	23	10691	11485	False
PPP1R11	shared	69	47	10691	11485	True
PPP1R12A	RPE1 only	0	48	10691	11485	False
PPP1R15B	RPE1 only	0	60	10691	11485	False
PPP1R2	RPE1 only	0	80	10691	11485	False
PPP1R37	RPE1 only	0	347	10691	11485	False
PPP1R7	RPE1 only	0	39	10691	11485	False
PPP1R8	shared	64	142	10691	11485	True
PPP2CA	RPE1 only	0	94	10691	11485	False
PPP2CB	RPE1 only	0	92	10691	11485	False
PPP2R1A	shared	301	215	10691	11485	True
PPP2R3C	RPE1 only	0	128	10691	11485	False
PPP4C	shared	128	41	10691	11485	True
PPP4R2	shared	162	68	10691	11485	True
PPP6C	RPE1 only	0	1539	10691	11485	False
PPRC1	shared	112	54	10691	11485	True
PPWD1	RPE1 only	0	47	10691	11485	False
PRC1	RPE1 only	0	48	10691	11485	False
PRDM10	RPE1 only	0	54	10691	11485	False
PRDM4	RPE1 only	0	107	10691	11485	False
PRDM8	RPE1 only	0	28	10691	11485	False
PRELID1	shared	120	42	10691	11485	True
PRELID3B	shared	235	127	10691	11485	True
PRIM1	shared	151	40	10691	11485	True
PRIM2	shared	149	31	10691	11485	True
PRKCA	RPE1 only	0	107	10691	11485	False
PRKRA	RPE1 only	0	50	10691	11485	False
PRMT1	shared	40	39	10691	11485	True
PRMT5	shared	92	126	10691	11485	True
PRORP	RPE1 only	0	151	10691	11485	False
PRPF18	shared	256	59	10691	11485	True
PRPF19	shared	98	92	10691	11485	True
PRPF3	shared	129	111	10691	11485	True
PRPF31	shared	23	144	10691	11485	False
PRPF38A	RPE1 only	0	36	10691	11485	False
PRPF39	RPE1 only	0	183	10691	11485	False
PRPF4	shared	101	82	10691	11485	True
PRPF40A	shared	106	43	10691	11485	True
PRPF4B	shared	160	26	10691	11485	False
PRPF6	shared	172	52	10691	11485	True
PRPF8	shared	91	83	10691	11485	True
PRRC2A	shared	82	147	10691	11485	True
PRXL2A	RPE1 only	0	56	10691	11485	False
PSMA1	K562 only	91	0	10691	11485	False
PSMA2	shared	37	21	10691	11485	False
PSMA3	shared	241	40	10691	11485	True
PSMA4	shared	266	79	10691	11485	True
PSMA6	shared	18	25	10691	11485	False
PSMA7	K562 only	22	0	10691	11485	False
PSMB1	shared	107	25	10691	11485	False
PSMB2	shared	46	60	10691	11485	True
PSMB3	shared	26	40	10691	11485	False
PSMB4	RPE1 only	0	25	10691	11485	False
PSMB5	shared	188	137	10691	11485	True
PSMB6	shared	111	54	10691	11485	True
PSMB7	shared	219	19	10691	11485	False
PSMC1	shared	177	68	10691	11485	True
PSMC2	shared	279	34	10691	11485	True
PSMC3	shared	32	13	10691	11485	False
PSMC4	shared	149	26	10691	11485	False
PSMC5	RPE1 only	0	92	10691	11485	False
PSMC6	K562 only	65	0	10691	11485	False
PSMD1	shared	87	21	10691	11485	False
PSMD11	shared	55	16	10691	11485	False
PSMD12	shared	156	15	10691	11485	False
PSMD13	shared	96	30	10691	11485	True
PSMD14	RPE1 only	0	55	10691	11485	False
PSMD2	K562 only	51	0	10691	11485	False
PSMD3	K562 only	30	0	10691	11485	False
PSMD4	shared	285	22	10691	11485	False
PSMD6	shared	282	26	10691	11485	False
PSMD7	shared	233	18	10691	11485	False
PSMD8	RPE1 only	0	29	10691	11485	False
PSME1	RPE1 only	0	97	10691	11485	False
PSMG2	RPE1 only	0	46	10691	11485	False
PSMG3	shared	324	221	10691	11485	True
PSMG4	K562 only	44	0	10691	11485	False
PSTK	RPE1 only	0	262	10691	11485	False
PTBP1	shared	106	38	10691	11485	True
PTCD1	shared	246	71	10691	11485	True
PTEN	RPE1 only	0	187	10691	11485	False
PTGR2	RPE1 only	0	98	10691	11485	False
PTK2	RPE1 only	0	75	10691	11485	False
PTMA	RPE1 only	0	180	10691	11485	False
PTPMT1	RPE1 only	0	100	10691	11485	False
PTPN1	RPE1 only	0	93	10691	11485	False
PTPN23	RPE1 only	0	33	10691	11485	False
PUF60	shared	52	41	10691	11485	True
PUM1	RPE1 only	0	76	10691	11485	False
PWP2	K562 only	51	0	10691	11485	False
PXN	RPE1 only	0	128	10691	11485	False
PYROXD1	RPE1 only	0	130	10691	11485	False
QARS	shared	376	78	10691	11485	True
RAB18	RPE1 only	0	45	10691	11485	False
RAB4A	RPE1 only	0	176	10691	11485	False
RAB4B	RPE1 only	0	229	10691	11485	False
RAB6A	RPE1 only	0	83	10691	11485	False
RABGGTA	shared	114	189	10691	11485	True
RABGGTB	RPE1 only	0	105	10691	11485	False
RAC1	RPE1 only	0	37	10691	11485	False
RAC3	RPE1 only	0	127	10691	11485	False
RACGAP1	K562 only	162	0	10691	11485	False
RAD17	RPE1 only	0	57	10691	11485	False
RAD21	shared	62	31	10691	11485	True
RAD51	K562 only	227	0	10691	11485	False
RAD51C	shared	59	25	10691	11485	False
RAD9A	RPE1 only	0	149	10691	11485	False
RAE1	K562 only	51	0	10691	11485	False
RAMAC	RPE1 only	0	60	10691	11485	False
RAN	shared	77	48	10691	11485	True
RANBP2	RPE1 only	0	35	10691	11485	False
RANGAP1	shared	120	75	10691	11485	True
RARS	shared	334	44	10691	11485	True
RARS2	shared	139	132	10691	11485	True
RBBP4	shared	69	48	10691	11485	True
RBBP5	RPE1 only	0	78	10691	11485	False
RBBP6	shared	70	21	10691	11485	False
RBBP8	shared	114	28	10691	11485	False
RBM10	RPE1 only	0	128	10691	11485	False
RBM12	RPE1 only	0	88	10691	11485	False
RBM14	K562 only	199	0	10691	11485	False
RBM15	RPE1 only	0	213	10691	11485	False
RBM17	shared	50	40	10691	11485	True
RBM19	K562 only	37	0	10691	11485	False
RBM25	shared	53	32	10691	11485	True
RBM28	K562 only	55	0	10691	11485	False
RBM33	RPE1 only	0	95	10691	11485	False
RBM39	shared	54	41	10691	11485	True
RBM4	shared	128	43	10691	11485	True
RBM42	shared	68	46	10691	11485	True
RBM48	shared	55	33	10691	11485	True
RBM8A	K562 only	23	0	10691	11485	False
RBMX	shared	118	23	10691	11485	False
RBMX2	shared	225	100	10691	11485	True
RBX1	shared	40	67	10691	11485	True
RCC1	shared	162	169	10691	11485	True
RCCD1	RPE1 only	0	98	10691	11485	False
RCL1	shared	104	38	10691	11485	True
RELL2	RPE1 only	0	49	10691	11485	False
REXO2	K562 only	65	0	10691	11485	False
RFC1	shared	108	36	10691	11485	True
RFC2	shared	85	77	10691	11485	True
RFC3	shared	211	57	10691	11485	True
RFC4	shared	58	35	10691	11485	True
RFC5	shared	101	42	10691	11485	True
RFT1	RPE1 only	0	93	10691	11485	False
RGPD6	RPE1 only	0	381	10691	11485	False
RINT1	shared	143	72	10691	11485	True
RIOK1	shared	290	44	10691	11485	True
RIOK2	K562 only	161	0	10691	11485	False
RMI1	K562 only	195	0	10691	11485	False
RNASEH2C	shared	89	129	10691	11485	True
RNF103	RPE1 only	0	72	10691	11485	False
RNF113A	shared	170	59	10691	11485	True
RNF20	shared	118	147	10691	11485	True
RNF40	shared	185	66	10691	11485	True
RNF8	RPE1 only	0	209	10691	11485	False
RNGTT	shared	110	44	10691	11485	True
RNMT	shared	106	69	10691	11485	True
RNPC3	shared	74	63	10691	11485	True
RNPS1	shared	80	27	10691	11485	False
ROMO1	K562 only	80	0	10691	11485	False
RPA1	shared	337	64	10691	11485	True
RPA2	shared	177	72	10691	11485	True
RPA3	shared	158	99	10691	11485	True
RPAIN	RPE1 only	0	26	10691	11485	False
RPAP1	shared	88	37	10691	11485	True
RPAP2	K562 only	373	0	10691	11485	False
RPAP3	RPE1 only	0	37	10691	11485	False
RPE	RPE1 only	0	56	10691	11485	False
RPF1	K562 only	108	0	10691	11485	False
RPF2	K562 only	59	0	10691	11485	False
RPIA	RPE1 only	0	35	10691	11485	False
RPL10	shared	187	66	10691	11485	True
RPL10A	shared	186	84	10691	11485	True
RPL11	shared	286	56	10691	11485	True
RPL12	shared	179	70	10691	11485	True
RPL13	shared	214	44	10691	11485	True
RPL13A	shared	94	30	10691	11485	True
RPL14	shared	186	41	10691	11485	True
RPL15	shared	131	32	10691	11485	True
RPL17	shared	131	57	10691	11485	True
RPL18	shared	214	57	10691	11485	True
RPL18A	shared	51	33	10691	11485	True
RPL19	K562 only	203	0	10691	11485	False
RPL21	shared	200	25	10691	11485	False
RPL23	shared	351	101	10691	11485	True
RPL23A	shared	84	42	10691	11485	True
RPL24	shared	414	56	10691	11485	True
RPL26	shared	188	46	10691	11485	True
RPL27	K562 only	37	0	10691	11485	False
RPL27A	shared	176	35	10691	11485	True
RPL28	RPE1 only	0	33	10691	11485	False
RPL29	RPE1 only	0	34	10691	11485	False
RPL3	RPE1 only	0	21	10691	11485	False
RPL30	shared	301	38	10691	11485	True
RPL31	shared	251	35	10691	11485	True
RPL32	shared	155	59	10691	11485	True
RPL34	shared	242	28	10691	11485	False
RPL35	shared	35	66	10691	11485	True
RPL35A	shared	95	94	10691	11485	True
RPL36	shared	184	74	10691	11485	True
RPL36A	shared	74	48	10691	11485	True
RPL37	shared	288	35	10691	11485	True
RPL37A	shared	275	65	10691	11485	True
RPL38	shared	168	27	10691	11485	False
RPL39	shared	31	40	10691	11485	True
RPL4	shared	248	59	10691	11485	True
RPL5	shared	140	54	10691	11485	True
RPL6	shared	242	65	10691	11485	True
RPL7	shared	230	116	10691	11485	True
RPL7L1	shared	25	30	10691	11485	False
RPL8	shared	284	64	10691	11485	True
RPL9	shared	167	39	10691	11485	True
RPLP0	shared	128	96	10691	11485	True
RPLP1	K562 only	84	0	10691	11485	False
RPLP2	shared	191	57	10691	11485	True
RPN1	RPE1 only	0	69	10691	11485	False
RPN2	RPE1 only	0	64	10691	11485	False
RPP14	shared	53	43	10691	11485	True
RPP21	RPE1 only	0	124	10691	11485	False
RPP30	shared	97	36	10691	11485	True
RPP38	K562 only	49	0	10691	11485	False
RPP40	K562 only	78	0	10691	11485	False
RPRD1B	RPE1 only	0	70	10691	11485	False
RPS10	shared	98	17	10691	11485	False
RPS10-NUDT3	shared	164	45	10691	11485	True
RPS11	K562 only	227	0	10691	11485	False
RPS12	shared	401	25	10691	11485	False
RPS13	shared	124	121	10691	11485	True
RPS14	shared	143	47	10691	11485	True
RPS15	shared	18	39	10691	11485	False
RPS15A	shared	243	26	10691	11485	False
RPS16	K562 only	49	0	10691	11485	False
RPS17	shared	153	20	10691	11485	False
RPS18	shared	115	29	10691	11485	False
RPS19	shared	393	49	10691	11485	True
RPS19BP1	shared	52	25	10691	11485	False
RPS2	shared	48	47	10691	11485	True
RPS20	shared	182	29	10691	11485	False
RPS21	K562 only	65	0	10691	11485	False
RPS23	shared	92	25	10691	11485	False
RPS24	shared	204	33	10691	11485	True
RPS26	shared	75	30	10691	11485	True
RPS27	shared	154	55	10691	11485	True
RPS27A	shared	82	63	10691	11485	True
RPS28	K562 only	258	0	10691	11485	False
RPS29	shared	208	36	10691	11485	True
RPS3	shared	243	40	10691	11485	True
RPS3A	shared	113	34	10691	11485	True
RPS4X	K562 only	168	0	10691	11485	False
RPS5	K562 only	125	0	10691	11485	False
RPS6	shared	166	48	10691	11485	True
RPS7	shared	232	34	10691	11485	True
RPS8	RPE1 only	0	30	10691	11485	False
RPS9	shared	210	25	10691	11485	False
RPSA	K562 only	169	0	10691	11485	False
RPTOR	shared	81	30	10691	11485	True
RPUSD3	RPE1 only	0	111	10691	11485	False
RPUSD4	shared	118	65	10691	11485	True
RRM1	shared	65	65	10691	11485	True
RRM2	RPE1 only	0	191	10691	11485	False
RRN3	shared	38	42	10691	11485	True
RRP1	K562 only	90	0	10691	11485	False
RRP12	shared	191	28	10691	11485	False
RRP7A	K562 only	40	0	10691	11485	False
RRP9	shared	92	27	10691	11485	False
RRS1	shared	64	56	10691	11485	True
RSL1D1	shared	132	75	10691	11485	True
RSL24D1	K562 only	137	0	10691	11485	False
RTCB	shared	152	61	10691	11485	True
RTEL1	RPE1 only	0	305	10691	11485	False
RTF1	shared	53	44	10691	11485	True
RTRAF	RPE1 only	0	192	10691	11485	False
RTTN	RPE1 only	0	101	10691	11485	False
RUVBL1	shared	171	103	10691	11485	True
RUVBL2	RPE1 only	0	60	10691	11485	False
S100A1	RPE1 only	0	112	10691	11485	False
SACM1L	RPE1 only	0	71	10691	11485	False
SAE1	shared	104	93	10691	11485	True
SAMD4B	RPE1 only	0	84	10691	11485	False
SAMM50	shared	94	43	10691	11485	True
SAP130	K562 only	99	0	10691	11485	False
SAP18	K562 only	40	0	10691	11485	False
SAP30BP	RPE1 only	0	34	10691	11485	False
SARS	K562 only	24	0	10691	11485	False
SARS2	shared	150	108	10691	11485	True
SART1	shared	247	95	10691	11485	True
SART3	shared	142	233	10691	11485	True
SASS6	RPE1 only	0	49	10691	11485	False
SBDS	RPE1 only	0	74	10691	11485	False
SBNO1	shared	127	156	10691	11485	True
SCAF1	shared	158	62	10691	11485	True
SCAP	RPE1 only	0	78	10691	11485	False
SCFD1	shared	103	62	10691	11485	True
SDAD1	shared	210	36	10691	11485	True
SDC1	shared	170	78	10691	11485	True
SDE2	shared	134	53	10691	11485	True
SDHAF2	RPE1 only	0	190	10691	11485	False
SDHC	shared	91	47	10691	11485	True
SEC13	K562 only	43	0	10691	11485	False
SEC16A	RPE1 only	0	210	10691	11485	False
SEC61A1	K562 only	129	0	10691	11485	False
SEC61B	RPE1 only	0	51	10691	11485	False
SEC61G	K562 only	84	0	10691	11485	False
SEC63	RPE1 only	0	75	10691	11485	False
SEH1L	shared	59	124	10691	11485	True
SEM1	shared	84	90	10691	11485	True
SENP6	RPE1 only	0	20	10691	11485	False
SEPSECS	RPE1 only	0	168	10691	11485	False
SERBP1	shared	87	96	10691	11485	True
SERF2	RPE1 only	0	33	10691	11485	False
SERPINB1	RPE1 only	0	87	10691	11485	False
SETD1A	shared	60	78	10691	11485	True
SETD5	RPE1 only	0	85	10691	11485	False
SETDB1	shared	123	121	10691	11485	True
SETX	RPE1 only	0	121	10691	11485	False
SF1	shared	18	29	10691	11485	False
SF3A1	K562 only	165	0	10691	11485	False
SF3A2	shared	236	136	10691	11485	True
SF3B2	shared	270	30	10691	11485	True
SF3B3	shared	215	146	10691	11485	True
SF3B4	shared	163	60	10691	11485	True
SF3B5	shared	69	62	10691	11485	True
SFPQ	shared	209	91	10691	11485	True
SFSWAP	shared	145	29	10691	11485	False
SH3KBP1	RPE1 only	0	16	10691	11485	False
SHOC2	RPE1 only	0	55	10691	11485	False
SHQ1	RPE1 only	0	149	10691	11485	False
SIN3A	shared	217	126	10691	11485	True
SIRT7	RPE1 only	0	237	10691	11485	False
SKA1	RPE1 only	0	58	10691	11485	False
SKA3	shared	109	63	10691	11485	True
SKP1	shared	64	24	10691	11485	False
SLBP	shared	63	35	10691	11485	True
SLC1A5	RPE1 only	0	1877	10691	11485	False
SLC25A42	RPE1 only	0	53	10691	11485	False
SLC2A8	RPE1 only	0	53	10691	11485	False
SLC35B1	RPE1 only	0	42	10691	11485	False
SLC35G2	RPE1 only	0	387	10691	11485	False
SLC39A9	shared	724	115	10691	11485	True
SLC7A5	K562 only	344	0	10691	11485	False
SLC7A6OS	shared	36	106	10691	11485	True
SLU7	shared	195	72	10691	11485	True
SMAGP	RPE1 only	0	170	10691	11485	False
SMARCB1	shared	118	103	10691	11485	True
SMARCC1	RPE1 only	0	76	10691	11485	False
SMARCE1	RPE1 only	0	50	10691	11485	False
SMC1A	shared	156	88	10691	11485	True
SMC2	shared	108	66	10691	11485	True
SMC3	shared	42	21	10691	11485	False
SMC4	shared	169	38	10691	11485	True
SMC5	RPE1 only	0	58	10691	11485	False
SMC6	RPE1 only	0	32	10691	11485	False
SMG1	RPE1 only	0	32	10691	11485	False
SMG5	shared	82	462	10691	11485	True
SMG6	RPE1 only	0	123	10691	11485	False
SMG7	RPE1 only	0	143	10691	11485	False
SMG9	RPE1 only	0	91	10691	11485	False
SMN2	shared	319	424	10691	11485	True
SMNDC1	RPE1 only	0	79	10691	11485	False
SMU1	shared	101	77	10691	11485	True
SNAPC1	shared	96	48	10691	11485	True
SNAPC2	shared	68	28	10691	11485	False
SNAPC3	shared	201	120	10691	11485	True
SNAPC5	shared	90	45	10691	11485	True
SNIP1	shared	43	46	10691	11485	True
SNRNP200	shared	92	95	10691	11485	True
SNRNP25	shared	125	47	10691	11485	True
SNRNP27	shared	42	95	10691	11485	True
SNRNP35	shared	159	53	10691	11485	True
SNRNP40	RPE1 only	0	217	10691	11485	False
SNRNP48	shared	179	74	10691	11485	True
SNRNP70	shared	85	39	10691	11485	True
SNRPA	RPE1 only	0	35	10691	11485	False
SNRPA1	shared	79	21	10691	11485	False
SNRPB	shared	112	42	10691	11485	True
SNRPC	shared	28	96	10691	11485	False
SNRPD1	shared	112	45	10691	11485	True
SNRPD2	RPE1 only	0	22	10691	11485	False
SNRPD3	shared	120	34	10691	11485	True
SNRPE	shared	129	40	10691	11485	True
SNRPF	shared	95	41	10691	11485	True
SNRPG	shared	327	60	10691	11485	True
SNTB2	RPE1 only	0	54	10691	11485	False
SNUPN	RPE1 only	0	64	10691	11485	False
SNW1	shared	115	88	10691	11485	True
SON	shared	244	59	10691	11485	True
SP1	RPE1 only	0	189	10691	11485	False
SP2	RPE1 only	0	72	10691	11485	False
SPATA5	RPE1 only	0	49	10691	11485	False
SPATA5L1	RPE1 only	0	55	10691	11485	False
SPC24	shared	95	69	10691	11485	True
SPC25	shared	181	473	10691	11485	True
SPCS2	RPE1 only	0	51	10691	11485	False
SPCS3	shared	115	128	10691	11485	True
SPEN	RPE1 only	0	104	10691	11485	False
SPG7	RPE1 only	0	115	10691	11485	False
SRA1	RPE1 only	0	161	10691	11485	False
SRBD1	shared	143	53	10691	11485	True
SRCAP	RPE1 only	0	110	10691	11485	False
SRF	RPE1 only	0	93	10691	11485	False
SRFBP1	K562 only	73	0	10691	11485	False
SRP14	RPE1 only	0	88	10691	11485	False
SRP19	RPE1 only	0	37	10691	11485	False
SRP54	shared	75	27	10691	11485	False
SRP68	shared	158	53	10691	11485	True
SRP72	shared	211	140	10691	11485	True
SRP9	RPE1 only	0	139	10691	11485	False
SRPRB	shared	153	181	10691	11485	True
SRRM1	shared	151	53	10691	11485	True
SRRM2	shared	148	58	10691	11485	True
SRRT	shared	260	73	10691	11485	True
SRSF1	shared	117	27	10691	11485	False
SRSF10	shared	124	111	10691	11485	True
SRSF11	shared	142	82	10691	11485	True
SRSF2	shared	39	30	10691	11485	True
SRSF3	shared	16	27	10691	11485	False
SRSF6	RPE1 only	0	148	10691	11485	False
SRSF7	shared	99	145	10691	11485	True
SS18L2	K562 only	130	0	10691	11485	False
SSBP1	K562 only	113	0	10691	11485	False
SSRP1	K562 only	473	0	10691	11485	False
SSU72	shared	68	226	10691	11485	True
STAG2	RPE1 only	0	110	10691	11485	False
STARD7	K562 only	98	0	10691	11485	False
STAT5B	RPE1 only	0	173	10691	11485	False
STIL	RPE1 only	0	68	10691	11485	False
STRAP	shared	91	67	10691	11485	True
STX5	RPE1 only	0	68	10691	11485	False
SUDS3	RPE1 only	0	127	10691	11485	False
SUGP1	shared	146	27	10691	11485	False
SUGT1	K562 only	94	0	10691	11485	False
SUMO2	RPE1 only	0	32	10691	11485	False
SUPT16H	shared	84	26	10691	11485	False
SUPT20H	RPE1 only	0	179	10691	11485	False
SUPT4H1	K562 only	55	0	10691	11485	False
SUPT5H	K562 only	367	0	10691	11485	False
SUPT6H	K562 only	256	0	10691	11485	False
SUPV3L1	K562 only	74	0	10691	11485	False
SURF6	shared	113	33	10691	11485	True
SYF2	shared	78	64	10691	11485	True
SYMPK	shared	80	67	10691	11485	True
SYNGR3	RPE1 only	0	77	10691	11485	False
SYS1	RPE1 only	0	68	10691	11485	False
TADA1	RPE1 only	0	138	10691	11485	False
TADA2A	RPE1 only	0	117	10691	11485	False
TADA2B	RPE1 only	0	82	10691	11485	False
TADA3	shared	139	60	10691	11485	True
TAF1	K562 only	92	0	10691	11485	False
TAF10	shared	38	23	10691	11485	False
TAF11	RPE1 only	0	113	10691	11485	False
TAF12	K562 only	65	0	10691	11485	False
TAF13	RPE1 only	0	182	10691	11485	False
TAF1C	K562 only	128	0	10691	11485	False
TAF1D	shared	99	75	10691	11485	True
TAF2	shared	137	67	10691	11485	True
TAF3	RPE1 only	0	58	10691	11485	False
TAF5	K562 only	34	0	10691	11485	False
TAF6	shared	111	75	10691	11485	True
TAF6L	RPE1 only	0	72	10691	11485	False
TAF7	shared	84	38	10691	11485	True
TAF8	shared	103	75	10691	11485	True
TAMM41	RPE1 only	0	115	10691	11485	False
TANGO6	shared	95	56	10691	11485	True
TARDBP	RPE1 only	0	1603	10691	11485	False
TARS	shared	124	52	10691	11485	True
TBCB	shared	97	37	10691	11485	True
TBCE	RPE1 only	0	125	10691	11485	False
TBL3	K562 only	70	0	10691	11485	False
TBP	shared	143	83	10691	11485	True
TBPL1	RPE1 only	0	100	10691	11485	False
TBX1	RPE1 only	0	306	10691	11485	False
TCERG1	shared	93	60	10691	11485	True
TCOF1	shared	86	32	10691	11485	True
TCP1	K562 only	63	0	10691	11485	False
TEFM	shared	192	98	10691	11485	True
TELO2	shared	73	47	10691	11485	True
TEN1	RPE1 only	0	127	10691	11485	False
TERF2	shared	47	61	10691	11485	True
TEX10	shared	153	78	10691	11485	True
TFAM	RPE1 only	0	3458	10691	11485	False
TFDP1	shared	140	164	10691	11485	True
TFIP11	K562 only	58	0	10691	11485	False
TFRC	RPE1 only	0	299	10691	11485	False
TGS1	RPE1 only	0	60	10691	11485	False
THAP1	shared	107	150	10691	11485	True
THAP11	shared	60	144	10691	11485	True
THG1L	shared	43	57	10691	11485	True
THOC1	shared	33	26	10691	11485	False
THOC2	K562 only	172	0	10691	11485	False
THOC3	shared	133	70	10691	11485	True
THOC5	shared	28	59	10691	11485	False
THOC6	K562 only	115	0	10691	11485	False
THOC7	shared	104	146	10691	11485	True
THRAP3	RPE1 only	0	119	10691	11485	False
TICRR	shared	147	28	10691	11485	False
TIMM10	RPE1 only	0	108	10691	11485	False
TIMM13	shared	160	117	10691	11485	True
TIMM22	RPE1 only	0	31	10691	11485	False
TIMM23B	shared	480	343	10691	11485	True
TIMM44	shared	38	50	10691	11485	True
TIMM9	shared	183	37	10691	11485	True
TINF2	RPE1 only	0	48	10691	11485	False
TIPIN	RPE1 only	0	33	10691	11485	False
TLN1	RPE1 only	0	32	10691	11485	False
TMA16	K562 only	163	0	10691	11485	False
TMED10	RPE1 only	0	160	10691	11485	False
TMED2	RPE1 only	0	70	10691	11485	False
TMEM161B	RPE1 only	0	58	10691	11485	False
TMEM214	RPE1 only	0	687	10691	11485	False
TMEM242	RPE1 only	0	597	10691	11485	False
TMEM258	RPE1 only	0	62	10691	11485	False
TMSB10	shared	190	79	10691	11485	True
TMX2	shared	94	137	10691	11485	True
TNPO3	shared	89	54	10691	11485	True
TNRC6A	RPE1 only	0	106	10691	11485	False
TOE1	RPE1 only	0	66	10691	11485	False
TOMM20	RPE1 only	0	63	10691	11485	False
TOMM22	shared	92	103	10691	11485	True
TOMM40	shared	94	77	10691	11485	True
TONSL	RPE1 only	0	43	10691	11485	False
TOP1	shared	91	36	10691	11485	True
TOP3A	RPE1 only	0	62	10691	11485	False
TOX4	RPE1 only	0	160	10691	11485	False
TP53I13	RPE1 only	0	141	10691	11485	False
TP53RK	RPE1 only	0	85	10691	11485	False
TPR	shared	71	126	10691	11485	True
TPRKB	RPE1 only	0	126	10691	11485	False
TPT1	RPE1 only	0	552	10691	11485	False
TPX2	shared	212	25	10691	11485	False
TRA2B	shared	139	90	10691	11485	True
TRAIP	RPE1 only	0	59	10691	11485	False
TRAPPC1	RPE1 only	0	76	10691	11485	False
TRAPPC11	RPE1 only	0	230	10691	11485	False
TRAPPC3	RPE1 only	0	73	10691	11485	False
TRAPPC4	RPE1 only	0	24	10691	11485	False
TRAPPC5	RPE1 only	0	101	10691	11485	False
TRAPPC8	RPE1 only	0	32	10691	11485	False
TREX2	shared	275	384	10691	11485	True
TRIAP1	RPE1 only	0	37	10691	11485	False
TRMT10C	K562 only	67	0	10691	11485	False
TRMT112	shared	179	60	10691	11485	True
TRMT5	shared	93	59	10691	11485	True
TRMT6	RPE1 only	0	114	10691	11485	False
TRNT1	RPE1 only	0	347	10691	11485	False
TRPM7	K562 only	123	0	10691	11485	False
TRRAP	K562 only	387	0	10691	11485	False
TSEN2	shared	168	85	10691	11485	True
TSEN54	RPE1 only	0	73	10691	11485	False
TSG101	shared	83	54	10691	11485	True
TSPYL5	RPE1 only	0	47	10691	11485	False
TSR1	shared	109	145	10691	11485	True
TSR2	shared	486	90	10691	11485	True
TTC1	RPE1 only	0	116	10691	11485	False
TTC27	shared	87	34	10691	11485	True
TTC4	RPE1 only	0	124	10691	11485	False
TTF2	RPE1 only	0	66	10691	11485	False
TTI1	shared	146	80	10691	11485	True
TTK	shared	185	76	10691	11485	True
TUBA1B	RPE1 only	0	197	10691	11485	False
TUBB	RPE1 only	0	249	10691	11485	False
TUBB2A	RPE1 only	0	149	10691	11485	False
TUBD1	RPE1 only	0	123	10691	11485	False
TUBG1	RPE1 only	0	134	10691	11485	False
TUBGCP2	shared	226	154	10691	11485	True
TUBGCP3	RPE1 only	0	69	10691	11485	False
TUBGCP4	RPE1 only	0	95	10691	11485	False
TUBGCP5	RPE1 only	0	94	10691	11485	False
TUBGCP6	RPE1 only	0	31	10691	11485	False
TUT1	shared	187	222	10691	11485	True
TWISTNB	K562 only	145	0	10691	11485	False
TXN	K562 only	79	0	10691	11485	False
TXNL4A	shared	72	23	10691	11485	False
TXNL4B	RPE1 only	0	169	10691	11485	False
TYK2	RPE1 only	0	58	10691	11485	False
U2AF1	shared	141	83	10691	11485	True
U2AF2	shared	73	33	10691	11485	True
U2SURP	shared	268	35	10691	11485	True
UBA1	shared	251	61	10691	11485	True
UBA2	shared	151	139	10691	11485	True
UBA3	shared	94	59	10691	11485	True
UBA5	RPE1 only	0	68	10691	11485	False
UBA52	shared	36	87	10691	11485	True
UBAP1	shared	102	30	10691	11485	True
UBE2H	RPE1 only	0	95	10691	11485	False
UBE2I	shared	45	67	10691	11485	True
UBE2L3	RPE1 only	0	122	10691	11485	False
UBE2M	RPE1 only	0	233	10691	11485	False
UBE2N	RPE1 only	0	103	10691	11485	False
UBE3C	RPE1 only	0	84	10691	11485	False
UBE3D	RPE1 only	0	143	10691	11485	False
UBL5	shared	209	120	10691	11485	True
UBQLN4	shared	145	46	10691	11485	True
UBR4	RPE1 only	0	72	10691	11485	False
UBR5	RPE1 only	0	102	10691	11485	False
UBTF	RPE1 only	0	132	10691	11485	False
UCHL5	RPE1 only	0	84	10691	11485	False
UFL1	shared	155	111	10691	11485	True
UFM1	shared	119	43	10691	11485	True
UHRF1	RPE1 only	0	103	10691	11485	False
UNC45A	RPE1 only	0	82	10691	11485	False
UPF1	shared	115	46	10691	11485	True
UPF2	shared	133	104	10691	11485	True
UPF3A	RPE1 only	0	31	10691	11485	False
UQCC2	K562 only	83	0	10691	11485	False
UQCRB	shared	92	102	10691	11485	True
UQCRC2	K562 only	63	0	10691	11485	False
UQCRFS1	shared	111	27	10691	11485	False
UQCRQ	shared	148	62	10691	11485	True
URB1	RPE1 only	0	27	10691	11485	False
URB2	shared	189	40	10691	11485	True
URI1	shared	55	82	10691	11485	True
URM1	RPE1 only	0	64	10691	11485	False
UROD	RPE1 only	0	239	10691	11485	False
USF2	RPE1 only	0	94	10691	11485	False
USP10	RPE1 only	0	75	10691	11485	False
USP14	RPE1 only	0	171	10691	11485	False
USP36	K562 only	151	0	10691	11485	False
USP39	shared	166	98	10691	11485	True
USP5	shared	171	126	10691	11485	True
USP7	RPE1 only	0	38	10691	11485	False
USP8	RPE1 only	0	45	10691	11485	False
USP9X	RPE1 only	0	113	10691	11485	False
USPL1	shared	96	36	10691	11485	True
UTP15	shared	139	34	10691	11485	True
UTP18	shared	59	48	10691	11485	True
UTP20	shared	92	31	10691	11485	True
UTP23	shared	160	48	10691	11485	True
UTP3	shared	27	54	10691	11485	False
UTP6	K562 only	64	0	10691	11485	False
UXT	shared	206	62	10691	11485	True
VARS	shared	191	80	10691	11485	True
VCP	RPE1 only	0	19	10691	11485	False
VHL	RPE1 only	0	61	10691	11485	False
VPS13D	RPE1 only	0	94	10691	11485	False
VPS18	RPE1 only	0	78	10691	11485	False
VPS25	RPE1 only	0	101	10691	11485	False
VPS28	shared	49	47	10691	11485	True
VPS29	shared	146	86	10691	11485	True
VPS33A	RPE1 only	0	64	10691	11485	False
VPS35	shared	40	118	10691	11485	True
VPS41	RPE1 only	0	246	10691	11485	False
VPS54	shared	306	230	10691	11485	True
VPS72	shared	95	88	10691	11485	True
WAC	shared	93	91	10691	11485	True
WARS	RPE1 only	0	57	10691	11485	False
WBP11	shared	205	109	10691	11485	True
WDFY3	RPE1 only	0	53	10691	11485	False
WDHD1	shared	175	40	10691	11485	True
WDR1	RPE1 only	0	26	10691	11485	False
WDR12	shared	174	41	10691	11485	True
WDR18	RPE1 only	0	68	10691	11485	False
WDR24	shared	78	44	10691	11485	True
WDR25	RPE1 only	0	38	10691	11485	False
WDR26	RPE1 only	0	46	10691	11485	False
WDR3	K562 only	329	0	10691	11485	False
WDR33	shared	79	32	10691	11485	True
WDR36	K562 only	250	0	10691	11485	False
WDR4	RPE1 only	0	140	10691	11485	False
WDR43	shared	47	30	10691	11485	True
WDR44	RPE1 only	0	89	10691	11485	False
WDR46	K562 only	63	0	10691	11485	False
WDR5	shared	75	50	10691	11485	True
WDR55	K562 only	94	0	10691	11485	False
WDR61	shared	98	59	10691	11485	True
WDR70	shared	29	132	10691	11485	False
WDR74	K562 only	96	0	10691	11485	False
WDR75	K562 only	132	0	10691	11485	False
WDR77	RPE1 only	0	105	10691	11485	False
WDR82	K562 only	86	0	10691	11485	False
WDTC1	shared	107	70	10691	11485	True
WEE1	RPE1 only	0	67	10691	11485	False
WNK1	RPE1 only	0	97	10691	11485	False
WTAP	RPE1 only	0	351	10691	11485	False
XAB2	K562 only	140	0	10691	11485	False
XPO1	shared	162	34	10691	11485	True
XPO5	RPE1 only	0	162	10691	11485	False
XRCC3	RPE1 only	0	65	10691	11485	False
XRCC5	shared	80	54	10691	11485	True
XRCC6	shared	27	69	10691	11485	False
XRN1	RPE1 only	0	48	10691	11485	False
XRN2	K562 only	57	0	10691	11485	False
YAE1	RPE1 only	0	38	10691	11485	False
YARS	RPE1 only	0	85	10691	11485	False
YBX1	RPE1 only	0	23	10691	11485	False
YBX3	RPE1 only	0	48	10691	11485	False
YEATS2	shared	233	69	10691	11485	True
YEATS4	shared	221	94	10691	11485	True
YJEFN3	RPE1 only	0	237	10691	11485	False
YKT6	RPE1 only	0	51	10691	11485	False
YPEL5	RPE1 only	0	73	10691	11485	False
YTHDC1	shared	157	184	10691	11485	True
YY1	RPE1 only	0	62	10691	11485	False
ZBTB14	RPE1 only	0	58	10691	11485	False
ZBTB17	shared	158	282	10691	11485	True
ZBTB44	RPE1 only	0	76	10691	11485	False
ZC3H13	RPE1 only	0	102	10691	11485	False
ZC3H18	shared	23	59	10691	11485	False
ZC3H3	RPE1 only	0	102	10691	11485	False
ZC3H4	RPE1 only	0	69	10691	11485	False
ZCCHC9	K562 only	49	0	10691	11485	False
ZCRB1	shared	141	75	10691	11485	True
ZDHHC7	RPE1 only	0	388	10691	11485	False
ZFC3H1	shared	105	83	10691	11485	True
ZFR	RPE1 only	0	116	10691	11485	False
ZMAT2	shared	348	192	10691	11485	True
ZMAT5	shared	98	50	10691	11485	True
ZNF143	RPE1 only	0	31	10691	11485	False
ZNF207	shared	122	87	10691	11485	True
ZNF236	shared	85	101	10691	11485	True
ZNF292	RPE1 only	0	129	10691	11485	False
ZNF335	shared	140	47	10691	11485	True
ZNF559	RPE1 only	0	57	10691	11485	False
ZNF574	shared	266	154	10691	11485	True
ZNF718	RPE1 only	0	400	10691	11485	False
ZNF720	RPE1 only	0	66	10691	11485	False
ZNF787	RPE1 only	0	34	10691	11485	False
ZNF84	RPE1 only	0	63	10691	11485	False
ZNHIT1	RPE1 only	0	34	10691	11485	False
ZNHIT2	RPE1 only	0	79	10691	11485	False
ZNHIT3	RPE1 only	0	75	10691	11485	False
ZNHIT6	K562 only	116	0	10691	11485	False
ZNRD1	shared	66	26	10691	11485	False
ZRSR2	RPE1 only	0	216	10691	11485	False
ZW10	RPE1 only	0	63	10691	11485	False
ZWINT	RPE1 only	0	49	10691	11485	False
