run_id	metric_space	candidate_universe	perturbation	n_candidates	rank	top1	top5	mrr_contribution	top_match	top_similarity	tie_handling	analysis_status
S3_replogle_k562_rl1	state_audit_delta_common_candidate	15 matched STATE K562 targets shared by S3 and S4	ARCN1	15	1	1	1	1.0	ARCN1	0.494965996733387	descending cosine score; Python stable sort preserves input candidate order for exact ties	EXPLORATORY_FROM_FROZEN_OUTPUTS
S3_replogle_k562_rl1	state_audit_delta_common_candidate	15 matched STATE K562 targets shared by S3 and S4	ATP6V1A	15	12	0	0	0.08333333333333333	RPL5	0.4302650961974926	descending cosine score; Python stable sort preserves input candidate order for exact ties	EXPLORATORY_FROM_FROZEN_OUTPUTS
S3_replogle_k562_rl1	state_audit_delta_common_candidate	15 matched STATE K562 targets shared by S3 and S4	CENPJ	15	6	0	0	0.16666666666666666	RPL5	0.49906757604779334	descending cosine score; Python stable sort preserves input candidate order for exact ties	EXPLORATORY_FROM_FROZEN_OUTPUTS
S3_replogle_k562_rl1	state_audit_delta_common_candidate	15 matched STATE K562 targets shared by S3 and S4	CPSF1	15	10	0	0	0.1	ARCN1	0.41024571741455984	descending cosine score; Python stable sort preserves input candidate order for exact ties	EXPLORATORY_FROM_FROZEN_OUTPUTS
S3_replogle_k562_rl1	state_audit_delta_common_candidate	15 matched STATE K562 targets shared by S3 and S4	ERCC2	15	12	0	0	0.08333333333333333	RPL5	0.43644281817828207	descending cosine score; Python stable sort preserves input candidate order for exact ties	EXPLORATORY_FROM_FROZEN_OUTPUTS
S3_replogle_k562_rl1	state_audit_delta_common_candidate	15 matched STATE K562 targets shared by S3 and S4	MRPL49	15	9	0	0	0.1111111111111111	RPL30	0.3132598388588767	descending cosine score; Python stable sort preserves input candidate order for exact ties	EXPLORATORY_FROM_FROZEN_OUTPUTS
S3_replogle_k562_rl1	state_audit_delta_common_candidate	15 matched STATE K562 targets shared by S3 and S4	NELFB	15	7	0	0	0.14285714285714285	ARCN1	0.5320990840704881	descending cosine score; Python stable sort preserves input candidate order for exact ties	EXPLORATORY_FROM_FROZEN_OUTPUTS
S3_replogle_k562_rl1	state_audit_delta_common_candidate	15 matched STATE K562 targets shared by S3 and S4	OGT	15	15	0	0	0.06666666666666667	ARCN1	0.4009103718905112	descending cosine score; Python stable sort preserves input candidate order for exact ties	EXPLORATORY_FROM_FROZEN_OUTPUTS
S3_replogle_k562_rl1	state_audit_delta_common_candidate	15 matched STATE K562 targets shared by S3 and S4	PPP4C	15	9	0	0	0.1111111111111111	RPL5	0.5596809398673415	descending cosine score; Python stable sort preserves input candidate order for exact ties	EXPLORATORY_FROM_FROZEN_OUTPUTS
S3_replogle_k562_rl1	state_audit_delta_common_candidate	15 matched STATE K562 targets shared by S3 and S4	PRPF4	15	5	0	1	0.2	RPL5	0.4637600115974886	descending cosine score; Python stable sort preserves input candidate order for exact ties	EXPLORATORY_FROM_FROZEN_OUTPUTS
S3_replogle_k562_rl1	state_audit_delta_common_candidate	15 matched STATE K562 targets shared by S3 and S4	RPL30	15	3	0	1	0.3333333333333333	RPL5	0.505365352435087	descending cosine score; Python stable sort preserves input candidate order for exact ties	EXPLORATORY_FROM_FROZEN_OUTPUTS
S3_replogle_k562_rl1	state_audit_delta_common_candidate	15 matched STATE K562 targets shared by S3 and S4	RPL5	15	1	1	1	1.0	RPL5	0.45653618967772397	descending cosine score; Python stable sort preserves input candidate order for exact ties	EXPLORATORY_FROM_FROZEN_OUTPUTS
S3_replogle_k562_rl1	state_audit_delta_common_candidate	15 matched STATE K562 targets shared by S3 and S4	TUT1	15	10	0	0	0.1	RPL5	0.507394133954454	descending cosine score; Python stable sort preserves input candidate order for exact ties	EXPLORATORY_FROM_FROZEN_OUTPUTS
S3_replogle_k562_rl1	state_audit_delta_common_candidate	15 matched STATE K562 targets shared by S3 and S4	UTP15	15	7	0	0	0.14285714285714285	ARCN1	0.45165142733923996	descending cosine score; Python stable sort preserves input candidate order for exact ties	EXPLORATORY_FROM_FROZEN_OUTPUTS
S3_replogle_k562_rl1	state_audit_delta_common_candidate	15 matched STATE K562 targets shared by S3 and S4	ZNF207	15	4	0	1	0.25	ARCN1	0.4442233032324732	descending cosine score; Python stable sort preserves input candidate order for exact ties	EXPLORATORY_FROM_FROZEN_OUTPUTS
S4_replogle_k562_to_rpe1_rl4	state_audit_delta_common_candidate	15 matched STATE K562 targets shared by S3 and S4	ARCN1	15	1	1	1	1.0	ARCN1	0.3489191920214704	descending cosine score; Python stable sort preserves input candidate order for exact ties	EXPLORATORY_FROM_FROZEN_OUTPUTS
S4_replogle_k562_to_rpe1_rl4	state_audit_delta_common_candidate	15 matched STATE K562 targets shared by S3 and S4	ATP6V1A	15	15	0	0	0.06666666666666667	ARCN1	0.3511431863435968	descending cosine score; Python stable sort preserves input candidate order for exact ties	EXPLORATORY_FROM_FROZEN_OUTPUTS
S4_replogle_k562_to_rpe1_rl4	state_audit_delta_common_candidate	15 matched STATE K562 targets shared by S3 and S4	CENPJ	15	6	0	0	0.16666666666666666	ARCN1	0.3491823418009398	descending cosine score; Python stable sort preserves input candidate order for exact ties	EXPLORATORY_FROM_FROZEN_OUTPUTS
S4_replogle_k562_to_rpe1_rl4	state_audit_delta_common_candidate	15 matched STATE K562 targets shared by S3 and S4	CPSF1	15	3	0	1	0.3333333333333333	ARCN1	0.34892210151359476	descending cosine score; Python stable sort preserves input candidate order for exact ties	EXPLORATORY_FROM_FROZEN_OUTPUTS
S4_replogle_k562_to_rpe1_rl4	state_audit_delta_common_candidate	15 matched STATE K562 targets shared by S3 and S4	ERCC2	15	11	0	0	0.09090909090909091	ARCN1	0.34860671890826905	descending cosine score; Python stable sort preserves input candidate order for exact ties	EXPLORATORY_FROM_FROZEN_OUTPUTS
S4_replogle_k562_to_rpe1_rl4	state_audit_delta_common_candidate	15 matched STATE K562 targets shared by S3 and S4	MRPL49	15	12	0	0	0.08333333333333333	ARCN1	0.35093146996692376	descending cosine score; Python stable sort preserves input candidate order for exact ties	EXPLORATORY_FROM_FROZEN_OUTPUTS
S4_replogle_k562_to_rpe1_rl4	state_audit_delta_common_candidate	15 matched STATE K562 targets shared by S3 and S4	NELFB	15	5	0	1	0.2	ARCN1	0.35150885583072955	descending cosine score; Python stable sort preserves input candidate order for exact ties	EXPLORATORY_FROM_FROZEN_OUTPUTS
S4_replogle_k562_to_rpe1_rl4	state_audit_delta_common_candidate	15 matched STATE K562 targets shared by S3 and S4	OGT	15	14	0	0	0.07142857142857142	ARCN1	0.35291797393775304	descending cosine score; Python stable sort preserves input candidate order for exact ties	EXPLORATORY_FROM_FROZEN_OUTPUTS
S4_replogle_k562_to_rpe1_rl4	state_audit_delta_common_candidate	15 matched STATE K562 targets shared by S3 and S4	PPP4C	15	13	0	0	0.07692307692307693	ARCN1	0.3501070961032345	descending cosine score; Python stable sort preserves input candidate order for exact ties	EXPLORATORY_FROM_FROZEN_OUTPUTS
S4_replogle_k562_to_rpe1_rl4	state_audit_delta_common_candidate	15 matched STATE K562 targets shared by S3 and S4	PRPF4	15	2	0	1	0.5	ARCN1	0.35134834595397113	descending cosine score; Python stable sort preserves input candidate order for exact ties	EXPLORATORY_FROM_FROZEN_OUTPUTS
S4_replogle_k562_to_rpe1_rl4	state_audit_delta_common_candidate	15 matched STATE K562 targets shared by S3 and S4	RPL30	15	4	0	1	0.25	ARCN1	0.35053766554319615	descending cosine score; Python stable sort preserves input candidate order for exact ties	EXPLORATORY_FROM_FROZEN_OUTPUTS
S4_replogle_k562_to_rpe1_rl4	state_audit_delta_common_candidate	15 matched STATE K562 targets shared by S3 and S4	RPL5	15	8	0	0	0.125	ARCN1	0.3512310241218005	descending cosine score; Python stable sort preserves input candidate order for exact ties	EXPLORATORY_FROM_FROZEN_OUTPUTS
S4_replogle_k562_to_rpe1_rl4	state_audit_delta_common_candidate	15 matched STATE K562 targets shared by S3 and S4	TUT1	15	9	0	0	0.1111111111111111	ARCN1	0.35051356944137896	descending cosine score; Python stable sort preserves input candidate order for exact ties	EXPLORATORY_FROM_FROZEN_OUTPUTS
S4_replogle_k562_to_rpe1_rl4	state_audit_delta_common_candidate	15 matched STATE K562 targets shared by S3 and S4	UTP15	15	10	0	0	0.1	ARCN1	0.34999251367088857	descending cosine score; Python stable sort preserves input candidate order for exact ties	EXPLORATORY_FROM_FROZEN_OUTPUTS
S4_replogle_k562_to_rpe1_rl4	state_audit_delta_common_candidate	15 matched STATE K562 targets shared by S3 and S4	ZNF207	15	7	0	0	0.14285714285714285	ARCN1	0.3500894378236259	descending cosine score; Python stable sort preserves input candidate order for exact ties	EXPLORATORY_FROM_FROZEN_OUTPUTS
