original_label	normalized_label	target_1	target_2	is_control
AAMP+ctrl	AAMP	AAMP	NA	False
AARS+ctrl	AARS	AARS	NA	False
AASDHPPT+ctrl	AASDHPPT	AASDHPPT	NA	False
AATF+ctrl	AATF	AATF	NA	False
ABCB10+ctrl	ABCB10	ABCB10	NA	False
ABCB7+ctrl	ABCB7	ABCB7	NA	False
ABCE1+ctrl	ABCE1	ABCE1	NA	False
ABCF1+ctrl	ABCF1	ABCF1	NA	False
ABT1+ctrl	ABT1	ABT1	NA	False
AC118549.1+ctrl	AC118549.1	AC118549.1	NA	False
ACD+ctrl	ACD	ACD	NA	False
ACSS2+ctrl	ACSS2	ACSS2	NA	False
ACTB+ctrl	ACTB	ACTB	NA	False
ACTL6A+ctrl	ACTL6A	ACTL6A	NA	False
ACTR10+ctrl	ACTR10	ACTR10	NA	False
ACTR2+ctrl	ACTR2	ACTR2	NA	False
ACTR5+ctrl	ACTR5	ACTR5	NA	False
ACTR6+ctrl	ACTR6	ACTR6	NA	False
ACTR8+ctrl	ACTR8	ACTR8	NA	False
ADAM10+ctrl	ADAM10	ADAM10	NA	False
ADAT3+ctrl	ADAT3	ADAT3	NA	False
ADRM1+ctrl	ADRM1	ADRM1	NA	False
AFG3L2+ctrl	AFG3L2	AFG3L2	NA	False
AGBL5+ctrl	AGBL5	AGBL5	NA	False
AHCTF1+ctrl	AHCTF1	AHCTF1	NA	False
AHCY+ctrl	AHCY	AHCY	NA	False
AKIRIN2+ctrl	AKIRIN2	AKIRIN2	NA	False
ALDOA+ctrl	ALDOA	ALDOA	NA	False
ALG1+ctrl	ALG1	ALG1	NA	False
ALG13+ctrl	ALG13	ALG13	NA	False
ALG14+ctrl	ALG14	ALG14	NA	False
ALG1L+ctrl	ALG1L	ALG1L	NA	False
ALG2+ctrl	ALG2	ALG2	NA	False
ALYREF+ctrl	ALYREF	ALYREF	NA	False
ANAPC1+ctrl	ANAPC1	ANAPC1	NA	False
ANAPC11+ctrl	ANAPC11	ANAPC11	NA	False
ANAPC13+ctrl	ANAPC13	ANAPC13	NA	False
ANAPC2+ctrl	ANAPC2	ANAPC2	NA	False
ANAPC4+ctrl	ANAPC4	ANAPC4	NA	False
ANAPC5+ctrl	ANAPC5	ANAPC5	NA	False
ANKLE2+ctrl	ANKLE2	ANKLE2	NA	False
ANKRD11+ctrl	ANKRD11	ANKRD11	NA	False
ANKRD17+ctrl	ANKRD17	ANKRD17	NA	False
ANKRD49+ctrl	ANKRD49	ANKRD49	NA	False
AP2M1+ctrl	AP2M1	AP2M1	NA	False
AP2S1+ctrl	AP2S1	AP2S1	NA	False
AQR+ctrl	AQR	AQR	NA	False
ARCN1+ctrl	ARCN1	ARCN1	NA	False
ARGLU1+ctrl	ARGLU1	ARGLU1	NA	False
ARHGAP6+ctrl	ARHGAP6	ARHGAP6	NA	False
ARIH1+ctrl	ARIH1	ARIH1	NA	False
ARL2+ctrl	ARL2	ARL2	NA	False
ARMC7+ctrl	ARMC7	ARMC7	NA	False
ARPC2+ctrl	ARPC2	ARPC2	NA	False
ARPC3+ctrl	ARPC3	ARPC3	NA	False
ARPC4+ctrl	ARPC4	ARPC4	NA	False
ASCC3+ctrl	ASCC3	ASCC3	NA	False
ATF4+ctrl	ATF4	ATF4	NA	False
ATF5+ctrl	ATF5	ATF5	NA	False
ATIC+ctrl	ATIC	ATIC	NA	False
ATL2+ctrl	ATL2	ATL2	NA	False
ATP11B+ctrl	ATP11B	ATP11B	NA	False
ATP1A1+ctrl	ATP1A1	ATP1A1	NA	False
ATP2A2+ctrl	ATP2A2	ATP2A2	NA	False
ATP5F1C+ctrl	ATP5F1C	ATP5F1C	NA	False
ATP5MF+ctrl	ATP5MF	ATP5MF	NA	False
ATP5PO+ctrl	ATP5PO	ATP5PO	NA	False
ATP6AP1+ctrl	ATP6AP1	ATP6AP1	NA	False
ATP6AP2+ctrl	ATP6AP2	ATP6AP2	NA	False
ATP6V0B+ctrl	ATP6V0B	ATP6V0B	NA	False
ATP6V0C+ctrl	ATP6V0C	ATP6V0C	NA	False
ATP6V0D1+ctrl	ATP6V0D1	ATP6V0D1	NA	False
ATP6V1A+ctrl	ATP6V1A	ATP6V1A	NA	False
ATP6V1B2+ctrl	ATP6V1B2	ATP6V1B2	NA	False
ATP6V1D+ctrl	ATP6V1D	ATP6V1D	NA	False
ATP6V1E1+ctrl	ATP6V1E1	ATP6V1E1	NA	False
ATP6V1G1+ctrl	ATP6V1G1	ATP6V1G1	NA	False
ATP6V1H+ctrl	ATP6V1H	ATP6V1H	NA	False
ATR+ctrl	ATR	ATR	NA	False
ATRIP+ctrl	ATRIP	ATRIP	NA	False
ATXN10+ctrl	ATXN10	ATXN10	NA	False
AURKA+ctrl	AURKA	AURKA	NA	False
AURKAIP1+ctrl	AURKAIP1	AURKAIP1	NA	False
BAG6+ctrl	BAG6	BAG6	NA	False
BANF1+ctrl	BANF1	BANF1	NA	False
BANP+ctrl	BANP	BANP	NA	False
BAP1+ctrl	BAP1	BAP1	NA	False
BCAR1+ctrl	BCAR1	BCAR1	NA	False
BCAS2+ctrl	BCAS2	BCAS2	NA	False
BCL2L1+ctrl	BCL2L1	BCL2L1	NA	False
BDP1+ctrl	BDP1	BDP1	NA	False
BET1+ctrl	BET1	BET1	NA	False
BGLAP+ctrl	BGLAP	BGLAP	NA	False
BMS1+ctrl	BMS1	BMS1	NA	False
BNIP1+ctrl	BNIP1	BNIP1	NA	False
BOD1L1+ctrl	BOD1L1	BOD1L1	NA	False
BOP1+ctrl	BOP1	BOP1	NA	False
BORA+ctrl	BORA	BORA	NA	False
BPTF+ctrl	BPTF	BPTF	NA	False
BRCA2+ctrl	BRCA2	BRCA2	NA	False
BRD2+ctrl	BRD2	BRD2	NA	False
BRD8+ctrl	BRD8	BRD8	NA	False
BRF1+ctrl	BRF1	BRF1	NA	False
BRF2+ctrl	BRF2	BRF2	NA	False
BRIX1+ctrl	BRIX1	BRIX1	NA	False
BRK1+ctrl	BRK1	BRK1	NA	False
BTAF1+ctrl	BTAF1	BTAF1	NA	False
BTF3+ctrl	BTF3	BTF3	NA	False
BUB1+ctrl	BUB1	BUB1	NA	False
BUB1B+ctrl	BUB1B	BUB1B	NA	False
BUB3+ctrl	BUB3	BUB3	NA	False
BUD13+ctrl	BUD13	BUD13	NA	False
BUD31+ctrl	BUD31	BUD31	NA	False
BYSL+ctrl	BYSL	BYSL	NA	False
C12orf45+ctrl	C12ORF45	C12ORF45	NA	False
C12orf60+ctrl	C12ORF60	C12ORF60	NA	False
C14orf178+ctrl	C14ORF178	C14ORF178	NA	False
C19orf25+ctrl	C19ORF25	C19ORF25	NA	False
C1D+ctrl	C1D	C1D	NA	False
C1QBP+ctrl	C1QBP	C1QBP	NA	False
C5orf30+ctrl	C5ORF30	C5ORF30	NA	False
C7orf26+ctrl	C7ORF26	C7ORF26	NA	False
C9orf16+ctrl	C9ORF16	C9ORF16	NA	False
C9orf78+ctrl	C9ORF78	C9ORF78	NA	False
CABIN1+ctrl	CABIN1	CABIN1	NA	False
CACTIN+ctrl	CACTIN	CACTIN	NA	False
CALR+ctrl	CALR	CALR	NA	False
CAMLG+ctrl	CAMLG	CAMLG	NA	False
CAPZB+ctrl	CAPZB	CAPZB	NA	False
CARS+ctrl	CARS	CARS	NA	False
CASC3+ctrl	CASC3	CASC3	NA	False
CASP8AP2+ctrl	CASP8AP2	CASP8AP2	NA	False
CAST+ctrl	CAST	CAST	NA	False
CBLL1+ctrl	CBLL1	CBLL1	NA	False
CCAR1+ctrl	CCAR1	CCAR1	NA	False
CCDC115+ctrl	CCDC115	CCDC115	NA	False
CCDC130+ctrl	CCDC130	CCDC130	NA	False
CCDC137+ctrl	CCDC137	CCDC137	NA	False
CCDC174+ctrl	CCDC174	CCDC174	NA	False
CCDC59+ctrl	CCDC59	CCDC59	NA	False
CCDC6+ctrl	CCDC6	CCDC6	NA	False
CCDC78+ctrl	CCDC78	CCDC78	NA	False
CCDC84+ctrl	CCDC84	CCDC84	NA	False
CCDC86+ctrl	CCDC86	CCDC86	NA	False
CCNC+ctrl	CCNC	CCNC	NA	False
CCNH+ctrl	CCNH	CCNH	NA	False
CCNK+ctrl	CCNK	CCNK	NA	False
CCNL1+ctrl	CCNL1	CCNL1	NA	False
CCNQ+ctrl	CCNQ	CCNQ	NA	False
CCT2+ctrl	CCT2	CCT2	NA	False
CCT3+ctrl	CCT3	CCT3	NA	False
CCT4+ctrl	CCT4	CCT4	NA	False
CCT5+ctrl	CCT5	CCT5	NA	False
CCT6A+ctrl	CCT6A	CCT6A	NA	False
CCT7+ctrl	CCT7	CCT7	NA	False
CCT8+ctrl	CCT8	CCT8	NA	False
CD2BP2+ctrl	CD2BP2	CD2BP2	NA	False
CD3EAP+ctrl	CD3EAP	CD3EAP	NA	False
CDAN1+ctrl	CDAN1	CDAN1	NA	False
CDC123+ctrl	CDC123	CDC123	NA	False
CDC16+ctrl	CDC16	CDC16	NA	False
CDC23+ctrl	CDC23	CDC23	NA	False
CDC26+ctrl	CDC26	CDC26	NA	False
CDC27+ctrl	CDC27	CDC27	NA	False
CDC40+ctrl	CDC40	CDC40	NA	False
CDC42+ctrl	CDC42	CDC42	NA	False
CDC45+ctrl	CDC45	CDC45	NA	False
CDC5L+ctrl	CDC5L	CDC5L	NA	False
CDC6+ctrl	CDC6	CDC6	NA	False
CDC7+ctrl	CDC7	CDC7	NA	False
CDC73+ctrl	CDC73	CDC73	NA	False
CDCA5+ctrl	CDCA5	CDCA5	NA	False
CDIPT+ctrl	CDIPT	CDIPT	NA	False
CDK1+ctrl	CDK1	CDK1	NA	False
CDK12+ctrl	CDK12	CDK12	NA	False
CDK2+ctrl	CDK2	CDK2	NA	False
CDK9+ctrl	CDK9	CDK9	NA	False
CDT1+ctrl	CDT1	CDT1	NA	False
CEBPZ+ctrl	CEBPZ	CEBPZ	NA	False
CENPC+ctrl	CENPC	CENPC	NA	False
CENPE+ctrl	CENPE	CENPE	NA	False
CENPH+ctrl	CENPH	CENPH	NA	False
CENPI+ctrl	CENPI	CENPI	NA	False
CENPJ+ctrl	CENPJ	CENPJ	NA	False
CENPK+ctrl	CENPK	CENPK	NA	False
CENPN+ctrl	CENPN	CENPN	NA	False
CENPP+ctrl	CENPP	CENPP	NA	False
CENPW+ctrl	CENPW	CENPW	NA	False
CEP192+ctrl	CEP192	CEP192	NA	False
CEP85+ctrl	CEP85	CEP85	NA	False
CFDP1+ctrl	CFDP1	CFDP1	NA	False
CFL1+ctrl	CFL1	CFL1	NA	False
CHAF1A+ctrl	CHAF1A	CHAF1A	NA	False
CHAF1B+ctrl	CHAF1B	CHAF1B	NA	False
CHCHD3+ctrl	CHCHD3	CHCHD3	NA	False
CHCHD4+ctrl	CHCHD4	CHCHD4	NA	False
CHD4+ctrl	CHD4	CHD4	NA	False
CHEK1+ctrl	CHEK1	CHEK1	NA	False
CHERP+ctrl	CHERP	CHERP	NA	False
CHMP1A+ctrl	CHMP1A	CHMP1A	NA	False
CHMP2A+ctrl	CHMP2A	CHMP2A	NA	False
CHMP3+ctrl	CHMP3	CHMP3	NA	False
CHMP5+ctrl	CHMP5	CHMP5	NA	False
CHMP6+ctrl	CHMP6	CHMP6	NA	False
CHMP7+ctrl	CHMP7	CHMP7	NA	False
CHORDC1+ctrl	CHORDC1	CHORDC1	NA	False
CHTF18+ctrl	CHTF18	CHTF18	NA	False
CIAO1+ctrl	CIAO1	CIAO1	NA	False
CIAPIN1+ctrl	CIAPIN1	CIAPIN1	NA	False
CINP+ctrl	CINP	CINP	NA	False
CKAP5+ctrl	CKAP5	CKAP5	NA	False
CLASRP+ctrl	CLASRP	CLASRP	NA	False
CLNS1A+ctrl	CLNS1A	CLNS1A	NA	False
CLOCK+ctrl	CLOCK	CLOCK	NA	False
CLP1+ctrl	CLP1	CLP1	NA	False
CLSPN+ctrl	CLSPN	CLSPN	NA	False
CLTC+ctrl	CLTC	CLTC	NA	False
CMTR1+ctrl	CMTR1	CMTR1	NA	False
CNIH4+ctrl	CNIH4	CNIH4	NA	False
CNOT1+ctrl	CNOT1	CNOT1	NA	False
CNOT10+ctrl	CNOT10	CNOT10	NA	False
CNOT11+ctrl	CNOT11	CNOT11	NA	False
CNOT2+ctrl	CNOT2	CNOT2	NA	False
CNOT3+ctrl	CNOT3	CNOT3	NA	False
CNOT9+ctrl	CNOT9	CNOT9	NA	False
COASY+ctrl	COASY	COASY	NA	False
COG1+ctrl	COG1	COG1	NA	False
COG2+ctrl	COG2	COG2	NA	False
COG3+ctrl	COG3	COG3	NA	False
COG4+ctrl	COG4	COG4	NA	False
COG6+ctrl	COG6	COG6	NA	False
COMTD1+ctrl	COMTD1	COMTD1	NA	False
COPB1+ctrl	COPB1	COPB1	NA	False
COPB2+ctrl	COPB2	COPB2	NA	False
COPS2+ctrl	COPS2	COPS2	NA	False
COPS3+ctrl	COPS3	COPS3	NA	False
COPS4+ctrl	COPS4	COPS4	NA	False
COPS5+ctrl	COPS5	COPS5	NA	False
COPS6+ctrl	COPS6	COPS6	NA	False
COPS8+ctrl	COPS8	COPS8	NA	False
COPZ1+ctrl	COPZ1	COPZ1	NA	False
COQ4+ctrl	COQ4	COQ4	NA	False
COTL1+ctrl	COTL1	COTL1	NA	False
COX11+ctrl	COX11	COX11	NA	False
COX15+ctrl	COX15	COX15	NA	False
COX17+ctrl	COX17	COX17	NA	False
COX7C+ctrl	COX7C	COX7C	NA	False
CPEB1+ctrl	CPEB1	CPEB1	NA	False
CPNE1+ctrl	CPNE1	CPNE1	NA	False
CPNE7+ctrl	CPNE7	CPNE7	NA	False
CPSF1+ctrl	CPSF1	CPSF1	NA	False
CPSF3+ctrl	CPSF3	CPSF3	NA	False
CPSF4+ctrl	CPSF4	CPSF4	NA	False
CPSF6+ctrl	CPSF6	CPSF6	NA	False
CRCP+ctrl	CRCP	CRCP	NA	False
CRKL+ctrl	CRKL	CRKL	NA	False
CRNKL1+ctrl	CRNKL1	CRNKL1	NA	False
CS+ctrl	CS	CS	NA	False
CSDE1+ctrl	CSDE1	CSDE1	NA	False
CSE1L+ctrl	CSE1L	CSE1L	NA	False
CSNK1A1+ctrl	CSNK1A1	CSNK1A1	NA	False
CSNK2B+ctrl	CSNK2B	CSNK2B	NA	False
CSTF1+ctrl	CSTF1	CSTF1	NA	False
CSTF3+ctrl	CSTF3	CSTF3	NA	False
CTDP1+ctrl	CTDP1	CTDP1	NA	False
CTNNBL1+ctrl	CTNNBL1	CTNNBL1	NA	False
CTPS1+ctrl	CTPS1	CTPS1	NA	False
CTR9+ctrl	CTR9	CTR9	NA	False
CTU2+ctrl	CTU2	CTU2	NA	False
CUL1+ctrl	CUL1	CUL1	NA	False
CUL2+ctrl	CUL2	CUL2	NA	False
CUL3+ctrl	CUL3	CUL3	NA	False
CUL7+ctrl	CUL7	CUL7	NA	False
CWC15+ctrl	CWC15	CWC15	NA	False
CWC22+ctrl	CWC22	CWC22	NA	False
CWC25+ctrl	CWC25	CWC25	NA	False
CWF19L2+ctrl	CWF19L2	CWF19L2	NA	False
CXXC1+ctrl	CXXC1	CXXC1	NA	False
CYC1+ctrl	CYC1	CYC1	NA	False
CYCS+ctrl	CYCS	CYCS	NA	False
CYFIP1+ctrl	CYFIP1	CYFIP1	NA	False
CYREN+ctrl	CYREN	CYREN	NA	False
DAD1+ctrl	DAD1	DAD1	NA	False
DAP3+ctrl	DAP3	DAP3	NA	False
DARS+ctrl	DARS	DARS	NA	False
DAXX+ctrl	DAXX	DAXX	NA	False
DBR1+ctrl	DBR1	DBR1	NA	False
DCTN2+ctrl	DCTN2	DCTN2	NA	False
DCTN3+ctrl	DCTN3	DCTN3	NA	False
DCTN4+ctrl	DCTN4	DCTN4	NA	False
DCTN6+ctrl	DCTN6	DCTN6	NA	False
DCUN1D5+ctrl	DCUN1D5	DCUN1D5	NA	False
DDB1+ctrl	DDB1	DDB1	NA	False
DDOST+ctrl	DDOST	DDOST	NA	False
DDX1+ctrl	DDX1	DDX1	NA	False
DDX10+ctrl	DDX10	DDX10	NA	False
DDX17+ctrl	DDX17	DDX17	NA	False
DDX18+ctrl	DDX18	DDX18	NA	False
DDX19A+ctrl	DDX19A	DDX19A	NA	False
DDX20+ctrl	DDX20	DDX20	NA	False
DDX21+ctrl	DDX21	DDX21	NA	False
DDX23+ctrl	DDX23	DDX23	NA	False
DDX24+ctrl	DDX24	DDX24	NA	False
DDX27+ctrl	DDX27	DDX27	NA	False
DDX41+ctrl	DDX41	DDX41	NA	False
DDX46+ctrl	DDX46	DDX46	NA	False
DDX47+ctrl	DDX47	DDX47	NA	False
DDX49+ctrl	DDX49	DDX49	NA	False
DDX5+ctrl	DDX5	DDX5	NA	False
DDX51+ctrl	DDX51	DDX51	NA	False
DDX52+ctrl	DDX52	DDX52	NA	False
DDX54+ctrl	DDX54	DDX54	NA	False
DDX55+ctrl	DDX55	DDX55	NA	False
DDX56+ctrl	DDX56	DDX56	NA	False
DDX59+ctrl	DDX59	DDX59	NA	False
DDX6+ctrl	DDX6	DDX6	NA	False
DENR+ctrl	DENR	DENR	NA	False
DERL2+ctrl	DERL2	DERL2	NA	False
DESI1+ctrl	DESI1	DESI1	NA	False
DGCR8+ctrl	DGCR8	DGCR8	NA	False
DHDDS+ctrl	DHDDS	DHDDS	NA	False
DHODH+ctrl	DHODH	DHODH	NA	False
DHPS+ctrl	DHPS	DHPS	NA	False
DHX15+ctrl	DHX15	DHX15	NA	False
DHX16+ctrl	DHX16	DHX16	NA	False
DHX30+ctrl	DHX30	DHX30	NA	False
DHX33+ctrl	DHX33	DHX33	NA	False
DHX36+ctrl	DHX36	DHX36	NA	False
DHX37+ctrl	DHX37	DHX37	NA	False
DHX8+ctrl	DHX8	DHX8	NA	False
DHX9+ctrl	DHX9	DHX9	NA	False
DICER1+ctrl	DICER1	DICER1	NA	False
DIMT1+ctrl	DIMT1	DIMT1	NA	False
DIS3+ctrl	DIS3	DIS3	NA	False
DKC1+ctrl	DKC1	DKC1	NA	False
DLD+ctrl	DLD	DLD	NA	False
DMAP1+ctrl	DMAP1	DMAP1	NA	False
DNAJA3+ctrl	DNAJA3	DNAJA3	NA	False
DNAJC17+ctrl	DNAJC17	DNAJC17	NA	False
DNAJC19+ctrl	DNAJC19	DNAJC19	NA	False
DNAJC8+ctrl	DNAJC8	DNAJC8	NA	False
DNM1L+ctrl	DNM1L	DNM1L	NA	False
DNM2+ctrl	DNM2	DNM2	NA	False
DNMT1+ctrl	DNMT1	DNMT1	NA	False
DNTTIP2+ctrl	DNTTIP2	DNTTIP2	NA	False
DOHH+ctrl	DOHH	DOHH	NA	False
DOLK+ctrl	DOLK	DOLK	NA	False
DONSON+ctrl	DONSON	DONSON	NA	False
DPAGT1+ctrl	DPAGT1	DPAGT1	NA	False
DPH1+ctrl	DPH1	DPH1	NA	False
DPH2+ctrl	DPH2	DPH2	NA	False
DPH3+ctrl	DPH3	DPH3	NA	False
DPY19L4+ctrl	DPY19L4	DPY19L4	NA	False
DR1+ctrl	DR1	DR1	NA	False
DRAP1+ctrl	DRAP1	DRAP1	NA	False
DSN1+ctrl	DSN1	DSN1	NA	False
DSTYK+ctrl	DSTYK	DSTYK	NA	False
DTL+ctrl	DTL	DTL	NA	False
DTYMK+ctrl	DTYMK	DTYMK	NA	False
DUT+ctrl	DUT	DUT	NA	False
DYNC1H1+ctrl	DYNC1H1	DYNC1H1	NA	False
DYNC1I2+ctrl	DYNC1I2	DYNC1I2	NA	False
DYNLL1+ctrl	DYNLL1	DYNLL1	NA	False
DYNLL2+ctrl	DYNLL2	DYNLL2	NA	False
DYNLRB1+ctrl	DYNLRB1	DYNLRB1	NA	False
E4F1+ctrl	E4F1	E4F1	NA	False
EARS2+ctrl	EARS2	EARS2	NA	False
EBNA1BP2+ctrl	EBNA1BP2	EBNA1BP2	NA	False
ECD+ctrl	ECD	ECD	NA	False
EDC4+ctrl	EDC4	EDC4	NA	False
EEF1G+ctrl	EEF1G	EEF1G	NA	False
EEF2+ctrl	EEF2	EEF2	NA	False
EEFSEC+ctrl	EEFSEC	EEFSEC	NA	False
EFR3A+ctrl	EFR3A	EFR3A	NA	False
EFTUD2+ctrl	EFTUD2	EFTUD2	NA	False
EHMT2+ctrl	EHMT2	EHMT2	NA	False
EIF1+ctrl	EIF1	EIF1	NA	False
EIF1AX+ctrl	EIF1AX	EIF1AX	NA	False
EIF2B1+ctrl	EIF2B1	EIF2B1	NA	False
EIF2B2+ctrl	EIF2B2	EIF2B2	NA	False
EIF2B3+ctrl	EIF2B3	EIF2B3	NA	False
EIF2B4+ctrl	EIF2B4	EIF2B4	NA	False
EIF2B5+ctrl	EIF2B5	EIF2B5	NA	False
EIF2S1+ctrl	EIF2S1	EIF2S1	NA	False
EIF2S2+ctrl	EIF2S2	EIF2S2	NA	False
EIF2S3+ctrl	EIF2S3	EIF2S3	NA	False
EIF3A+ctrl	EIF3A	EIF3A	NA	False
EIF3B+ctrl	EIF3B	EIF3B	NA	False
EIF3CL+ctrl	EIF3CL	EIF3CL	NA	False
EIF3D+ctrl	EIF3D	EIF3D	NA	False
EIF3E+ctrl	EIF3E	EIF3E	NA	False
EIF3F+ctrl	EIF3F	EIF3F	NA	False
EIF3G+ctrl	EIF3G	EIF3G	NA	False
EIF3H+ctrl	EIF3H	EIF3H	NA	False
EIF3I+ctrl	EIF3I	EIF3I	NA	False
EIF3J+ctrl	EIF3J	EIF3J	NA	False
EIF3L+ctrl	EIF3L	EIF3L	NA	False
EIF3M+ctrl	EIF3M	EIF3M	NA	False
EIF4A1+ctrl	EIF4A1	EIF4A1	NA	False
EIF4A3+ctrl	EIF4A3	EIF4A3	NA	False
EIF4B+ctrl	EIF4B	EIF4B	NA	False
EIF4E+ctrl	EIF4E	EIF4E	NA	False
EIF4G1+ctrl	EIF4G1	EIF4G1	NA	False
EIF4G2+ctrl	EIF4G2	EIF4G2	NA	False
EIF4H+ctrl	EIF4H	EIF4H	NA	False
EIF5+ctrl	EIF5	EIF5	NA	False
EIF5A+ctrl	EIF5A	EIF5A	NA	False
EIF6+ctrl	EIF6	EIF6	NA	False
ELAC2+ctrl	ELAC2	ELAC2	NA	False
ELL+ctrl	ELL	ELL	NA	False
ELOB+ctrl	ELOB	ELOB	NA	False
ELOF1+ctrl	ELOF1	ELOF1	NA	False
ELP2+ctrl	ELP2	ELP2	NA	False
ELP3+ctrl	ELP3	ELP3	NA	False
ELP4+ctrl	ELP4	ELP4	NA	False
ELP5+ctrl	ELP5	ELP5	NA	False
ELP6+ctrl	ELP6	ELP6	NA	False
EMC3+ctrl	EMC3	EMC3	NA	False
EMC4+ctrl	EMC4	EMC4	NA	False
EMC7+ctrl	EMC7	EMC7	NA	False
ENY2+ctrl	ENY2	ENY2	NA	False
EP400+ctrl	EP400	EP400	NA	False
EPB41L2+ctrl	EPB41L2	EPB41L2	NA	False
EPRS+ctrl	EPRS	EPRS	NA	False
ERCC2+ctrl	ERCC2	ERCC2	NA	False
ERCC3+ctrl	ERCC3	ERCC3	NA	False
ERH+ctrl	ERH	ERH	NA	False
ESF1+ctrl	ESF1	ESF1	NA	False
ESPL1+ctrl	ESPL1	ESPL1	NA	False
ESYT1+ctrl	ESYT1	ESYT1	NA	False
ESYT2+ctrl	ESYT2	ESYT2	NA	False
ETF1+ctrl	ETF1	ETF1	NA	False
ETV4+ctrl	ETV4	ETV4	NA	False
EWSR1+ctrl	EWSR1	EWSR1	NA	False
EXOC1+ctrl	EXOC1	EXOC1	NA	False
EXOC2+ctrl	EXOC2	EXOC2	NA	False
EXOC3+ctrl	EXOC3	EXOC3	NA	False
EXOC4+ctrl	EXOC4	EXOC4	NA	False
EXOC5+ctrl	EXOC5	EXOC5	NA	False
EXOC7+ctrl	EXOC7	EXOC7	NA	False
EXOSC1+ctrl	EXOSC1	EXOSC1	NA	False
EXOSC10+ctrl	EXOSC10	EXOSC10	NA	False
EXOSC2+ctrl	EXOSC2	EXOSC2	NA	False
EXOSC3+ctrl	EXOSC3	EXOSC3	NA	False
EXOSC4+ctrl	EXOSC4	EXOSC4	NA	False
EXOSC5+ctrl	EXOSC5	EXOSC5	NA	False
EXOSC6+ctrl	EXOSC6	EXOSC6	NA	False
EXOSC7+ctrl	EXOSC7	EXOSC7	NA	False
EXOSC8+ctrl	EXOSC8	EXOSC8	NA	False
EXOSC9+ctrl	EXOSC9	EXOSC9	NA	False
FAF2+ctrl	FAF2	FAF2	NA	False
FAM102B+ctrl	FAM102B	FAM102B	NA	False
FAM136A+ctrl	FAM136A	FAM136A	NA	False
FAM32A+ctrl	FAM32A	FAM32A	NA	False
FAM50A+ctrl	FAM50A	FAM50A	NA	False
FARS2+ctrl	FARS2	FARS2	NA	False
FARSA+ctrl	FARSA	FARSA	NA	False
FARSB+ctrl	FARSB	FARSB	NA	False
FASN+ctrl	FASN	FASN	NA	False
FASTKD5+ctrl	FASTKD5	FASTKD5	NA	False
FAU+ctrl	FAU	FAU	NA	False
FBL+ctrl	FBL	FBL	NA	False
FBRSL1+ctrl	FBRSL1	FBRSL1	NA	False
FBXL14+ctrl	FBXL14	FBXL14	NA	False
FBXO42+ctrl	FBXO42	FBXO42	NA	False
FBXO5+ctrl	FBXO5	FBXO5	NA	False
FBXW7+ctrl	FBXW7	FBXW7	NA	False
FCF1+ctrl	FCF1	FCF1	NA	False
FEN1+ctrl	FEN1	FEN1	NA	False
FKBP9+ctrl	FKBP9	FKBP9	NA	False
FNBP4+ctrl	FNBP4	FNBP4	NA	False
FNTA+ctrl	FNTA	FNTA	NA	False
FOLR3+ctrl	FOLR3	FOLR3	NA	False
FOXO1+ctrl	FOXO1	FOXO1	NA	False
FOXS1+ctrl	FOXS1	FOXS1	NA	False
FTSJ3+ctrl	FTSJ3	FTSJ3	NA	False
FUNDC2+ctrl	FUNDC2	FUNDC2	NA	False
FXN+ctrl	FXN	FXN	NA	False
FYN+ctrl	FYN	FYN	NA	False
GAB2+ctrl	GAB2	GAB2	NA	False
GABPA+ctrl	GABPA	GABPA	NA	False
GABPB1+ctrl	GABPB1	GABPB1	NA	False
GAPDH+ctrl	GAPDH	GAPDH	NA	False
GAR1+ctrl	GAR1	GAR1	NA	False
GARS+ctrl	GARS	GARS	NA	False
GART+ctrl	GART	GART	NA	False
GATA1+ctrl	GATA1	GATA1	NA	False
GBF1+ctrl	GBF1	GBF1	NA	False
GEMIN4+ctrl	GEMIN4	GEMIN4	NA	False
GEMIN5+ctrl	GEMIN5	GEMIN5	NA	False
GEMIN6+ctrl	GEMIN6	GEMIN6	NA	False
GEMIN8+ctrl	GEMIN8	GEMIN8	NA	False
GET3+ctrl	GET3	GET3	NA	False
GFER+ctrl	GFER	GFER	NA	False
GFM1+ctrl	GFM1	GFM1	NA	False
GFOD2+ctrl	GFOD2	GFOD2	NA	False
GGPS1+ctrl	GGPS1	GGPS1	NA	False
GINS1+ctrl	GINS1	GINS1	NA	False
GINS2+ctrl	GINS2	GINS2	NA	False
GINS3+ctrl	GINS3	GINS3	NA	False
GINS4+ctrl	GINS4	GINS4	NA	False
GIT2+ctrl	GIT2	GIT2	NA	False
GLE1+ctrl	GLE1	GLE1	NA	False
GLRX3+ctrl	GLRX3	GLRX3	NA	False
GMIP+ctrl	GMIP	GMIP	NA	False
GMPS+ctrl	GMPS	GMPS	NA	False
GNB1L+ctrl	GNB1L	GNB1L	NA	False
GNL2+ctrl	GNL2	GNL2	NA	False
GNL3+ctrl	GNL3	GNL3	NA	False
GNL3L+ctrl	GNL3L	GNL3L	NA	False
GOLT1B+ctrl	GOLT1B	GOLT1B	NA	False
GON4L+ctrl	GON4L	GON4L	NA	False
GPKOW+ctrl	GPKOW	GPKOW	NA	False
GPN1+ctrl	GPN1	GPN1	NA	False
GPN2+ctrl	GPN2	GPN2	NA	False
GPN3+ctrl	GPN3	GPN3	NA	False
GPS1+ctrl	GPS1	GPS1	NA	False
GPS2+ctrl	GPS2	GPS2	NA	False
GRB2+ctrl	GRB2	GRB2	NA	False
GRPEL1+ctrl	GRPEL1	GRPEL1	NA	False
GRSF1+ctrl	GRSF1	GRSF1	NA	False
GRWD1+ctrl	GRWD1	GRWD1	NA	False
GSK3B+ctrl	GSK3B	GSK3B	NA	False
GSPT1+ctrl	GSPT1	GSPT1	NA	False
GTF2A1+ctrl	GTF2A1	GTF2A1	NA	False
GTF2A2+ctrl	GTF2A2	GTF2A2	NA	False
GTF2B+ctrl	GTF2B	GTF2B	NA	False
GTF2E1+ctrl	GTF2E1	GTF2E1	NA	False
GTF2E2+ctrl	GTF2E2	GTF2E2	NA	False
GTF2F2+ctrl	GTF2F2	GTF2F2	NA	False
GTF2H1+ctrl	GTF2H1	GTF2H1	NA	False
GTF2H2+ctrl	GTF2H2	GTF2H2	NA	False
GTF2H3+ctrl	GTF2H3	GTF2H3	NA	False
GTF2H4+ctrl	GTF2H4	GTF2H4	NA	False
GTF3A+ctrl	GTF3A	GTF3A	NA	False
GTF3C1+ctrl	GTF3C1	GTF3C1	NA	False
GTF3C2+ctrl	GTF3C2	GTF3C2	NA	False
GTF3C3+ctrl	GTF3C3	GTF3C3	NA	False
GTF3C4+ctrl	GTF3C4	GTF3C4	NA	False
GTF3C5+ctrl	GTF3C5	GTF3C5	NA	False
GTF3C6+ctrl	GTF3C6	GTF3C6	NA	False
GTPBP4+ctrl	GTPBP4	GTPBP4	NA	False
GUCD1+ctrl	GUCD1	GUCD1	NA	False
GYG1+ctrl	GYG1	GYG1	NA	False
H2AFZ+ctrl	H2AFZ	H2AFZ	NA	False
HARS+ctrl	HARS	HARS	NA	False
HARS2+ctrl	HARS2	HARS2	NA	False
HAUS1+ctrl	HAUS1	HAUS1	NA	False
HAUS3+ctrl	HAUS3	HAUS3	NA	False
HAUS4+ctrl	HAUS4	HAUS4	NA	False
HAUS5+ctrl	HAUS5	HAUS5	NA	False
HAUS6+ctrl	HAUS6	HAUS6	NA	False
HAUS7+ctrl	HAUS7	HAUS7	NA	False
HAUS8+ctrl	HAUS8	HAUS8	NA	False
HBS1L+ctrl	HBS1L	HBS1L	NA	False
HDAC3+ctrl	HDAC3	HDAC3	NA	False
HDAC7+ctrl	HDAC7	HDAC7	NA	False
HEATR1+ctrl	HEATR1	HEATR1	NA	False
HERC1+ctrl	HERC1	HERC1	NA	False
HEXIM1+ctrl	HEXIM1	HEXIM1	NA	False
HGS+ctrl	HGS	HGS	NA	False
HINFP+ctrl	HINFP	HINFP	NA	False
HIPK1+ctrl	HIPK1	HIPK1	NA	False
HIRA+ctrl	HIRA	HIRA	NA	False
HJURP+ctrl	HJURP	HJURP	NA	False
HMGA1+ctrl	HMGA1	HMGA1	NA	False
HMGB3+ctrl	HMGB3	HMGB3	NA	False
HMGCS1+ctrl	HMGCS1	HMGCS1	NA	False
HMX3+ctrl	HMX3	HMX3	NA	False
HNRNPA1+ctrl	HNRNPA1	HNRNPA1	NA	False
HNRNPC+ctrl	HNRNPC	HNRNPC	NA	False
HNRNPH1+ctrl	HNRNPH1	HNRNPH1	NA	False
HNRNPK+ctrl	HNRNPK	HNRNPK	NA	False
HNRNPL+ctrl	HNRNPL	HNRNPL	NA	False
HNRNPM+ctrl	HNRNPM	HNRNPM	NA	False
HNRNPR+ctrl	HNRNPR	HNRNPR	NA	False
HNRNPU+ctrl	HNRNPU	HNRNPU	NA	False
HPS5+ctrl	HPS5	HPS5	NA	False
HSCB+ctrl	HSCB	HSCB	NA	False
HSD17B10+ctrl	HSD17B10	HSD17B10	NA	False
HSD17B12+ctrl	HSD17B12	HSD17B12	NA	False
HSF1+ctrl	HSF1	HSF1	NA	False
HSP90B1+ctrl	HSP90B1	HSP90B1	NA	False
HSPA14+ctrl	HSPA14	HSPA14	NA	False
HSPA5+ctrl	HSPA5	HSPA5	NA	False
HSPA8+ctrl	HSPA8	HSPA8	NA	False
HSPA9+ctrl	HSPA9	HSPA9	NA	False
HSPD1+ctrl	HSPD1	HSPD1	NA	False
HSPE1+ctrl	HSPE1	HSPE1	NA	False
HSPH1+ctrl	HSPH1	HSPH1	NA	False
HTATSF1+ctrl	HTATSF1	HTATSF1	NA	False
HUS1+ctrl	HUS1	HUS1	NA	False
HUWE1+ctrl	HUWE1	HUWE1	NA	False
HYOU1+ctrl	HYOU1	HYOU1	NA	False
HYPK+ctrl	HYPK	HYPK	NA	False
IARS+ctrl	IARS	IARS	NA	False
IARS2+ctrl	IARS2	IARS2	NA	False
ICE1+ctrl	ICE1	ICE1	NA	False
IGBP1+ctrl	IGBP1	IGBP1	NA	False
IK+ctrl	IK	IK	NA	False
ILF2+ctrl	ILF2	ILF2	NA	False
ILF3+ctrl	ILF3	ILF3	NA	False
IMP4+ctrl	IMP4	IMP4	NA	False
IMPA2+ctrl	IMPA2	IMPA2	NA	False
IMPDH2+ctrl	IMPDH2	IMPDH2	NA	False
INF2+ctrl	INF2	INF2	NA	False
ING3+ctrl	ING3	ING3	NA	False
INO80+ctrl	INO80	INO80	NA	False
INO80B+ctrl	INO80B	INO80B	NA	False
INO80C+ctrl	INO80C	INO80C	NA	False
INO80D+ctrl	INO80D	INO80D	NA	False
INO80E+ctrl	INO80E	INO80E	NA	False
INPPL1+ctrl	INPPL1	INPPL1	NA	False
INTS1+ctrl	INTS1	INTS1	NA	False
INTS10+ctrl	INTS10	INTS10	NA	False
INTS12+ctrl	INTS12	INTS12	NA	False
INTS13+ctrl	INTS13	INTS13	NA	False
INTS14+ctrl	INTS14	INTS14	NA	False
INTS2+ctrl	INTS2	INTS2	NA	False
INTS3+ctrl	INTS3	INTS3	NA	False
INTS4+ctrl	INTS4	INTS4	NA	False
INTS5+ctrl	INTS5	INTS5	NA	False
INTS6+ctrl	INTS6	INTS6	NA	False
INTS7+ctrl	INTS7	INTS7	NA	False
INTS8+ctrl	INTS8	INTS8	NA	False
INTS9+ctrl	INTS9	INTS9	NA	False
IPO11+ctrl	IPO11	IPO11	NA	False
IPO13+ctrl	IPO13	IPO13	NA	False
IPO7+ctrl	IPO7	IPO7	NA	False
IPO9+ctrl	IPO9	IPO9	NA	False
IRF2BP2+ctrl	IRF2BP2	IRF2BP2	NA	False
ISCA2+ctrl	ISCA2	ISCA2	NA	False
ISCU+ctrl	ISCU	ISCU	NA	False
ISG20L2+ctrl	ISG20L2	ISG20L2	NA	False
IST1+ctrl	IST1	IST1	NA	False
ISY1+ctrl	ISY1	ISY1	NA	False
ITGB1BP1+ctrl	ITGB1BP1	ITGB1BP1	NA	False
IWS1+ctrl	IWS1	IWS1	NA	False
JAZF1+ctrl	JAZF1	JAZF1	NA	False
JMJD6+ctrl	JMJD6	JMJD6	NA	False
KANSL1+ctrl	KANSL1	KANSL1	NA	False
KANSL2+ctrl	KANSL2	KANSL2	NA	False
KANSL3+ctrl	KANSL3	KANSL3	NA	False
KARS+ctrl	KARS	KARS	NA	False
KAT5+ctrl	KAT5	KAT5	NA	False
KAT7+ctrl	KAT7	KAT7	NA	False
KAT8+ctrl	KAT8	KAT8	NA	False
KCMF1+ctrl	KCMF1	KCMF1	NA	False
KCTD10+ctrl	KCTD10	KCTD10	NA	False
KDM1A+ctrl	KDM1A	KDM1A	NA	False
KDM6A+ctrl	KDM6A	KDM6A	NA	False
KEAP1+ctrl	KEAP1	KEAP1	NA	False
KIAA0586+ctrl	KIAA0586	KIAA0586	NA	False
KIF18A+ctrl	KIF18A	KIF18A	NA	False
KIF18B+ctrl	KIF18B	KIF18B	NA	False
KIF20A+ctrl	KIF20A	KIF20A	NA	False
KIN+ctrl	KIN	KIN	NA	False
KLF7+ctrl	KLF7	KLF7	NA	False
KLHL17+ctrl	KLHL17	KLHL17	NA	False
KPNA6+ctrl	KPNA6	KPNA6	NA	False
KPNB1+ctrl	KPNB1	KPNB1	NA	False
KRI1+ctrl	KRI1	KRI1	NA	False
KRR1+ctrl	KRR1	KRR1	NA	False
KTI12+ctrl	KTI12	KTI12	NA	False
LAMTOR1+ctrl	LAMTOR1	LAMTOR1	NA	False
LAMTOR2+ctrl	LAMTOR2	LAMTOR2	NA	False
LAMTOR3+ctrl	LAMTOR3	LAMTOR3	NA	False
LAMTOR4+ctrl	LAMTOR4	LAMTOR4	NA	False
LARS+ctrl	LARS	LARS	NA	False
LAS1L+ctrl	LAS1L	LAS1L	NA	False
LDB1+ctrl	LDB1	LDB1	NA	False
LENG8+ctrl	LENG8	LENG8	NA	False
LEO1+ctrl	LEO1	LEO1	NA	False
LETM1+ctrl	LETM1	LETM1	NA	False
LIN52+ctrl	LIN52	LIN52	NA	False
LIN54+ctrl	LIN54	LIN54	NA	False
LMO2+ctrl	LMO2	LMO2	NA	False
LONP1+ctrl	LONP1	LONP1	NA	False
LPIN1+ctrl	LPIN1	LPIN1	NA	False
LRP5+ctrl	LRP5	LRP5	NA	False
LRPPRC+ctrl	LRPPRC	LRPPRC	NA	False
LRR1+ctrl	LRR1	LRR1	NA	False
LSG1+ctrl	LSG1	LSG1	NA	False
LSM10+ctrl	LSM10	LSM10	NA	False
LSM11+ctrl	LSM11	LSM11	NA	False
LSM12+ctrl	LSM12	LSM12	NA	False
LSM2+ctrl	LSM2	LSM2	NA	False
LSM3+ctrl	LSM3	LSM3	NA	False
LSM4+ctrl	LSM4	LSM4	NA	False
LSM5+ctrl	LSM5	LSM5	NA	False
LSM6+ctrl	LSM6	LSM6	NA	False
LSM7+ctrl	LSM7	LSM7	NA	False
LTBP4+ctrl	LTBP4	LTBP4	NA	False
LTV1+ctrl	LTV1	LTV1	NA	False
LUC7L3+ctrl	LUC7L3	LUC7L3	NA	False
LZTR1+ctrl	LZTR1	LZTR1	NA	False
MAD2L1+ctrl	MAD2L1	MAD2L1	NA	False
MAD2L2+ctrl	MAD2L2	MAD2L2	NA	False
MAGOH+ctrl	MAGOH	MAGOH	NA	False
MAK16+ctrl	MAK16	MAK16	NA	False
MARS+ctrl	MARS	MARS	NA	False
MARS2+ctrl	MARS2	MARS2	NA	False
MASTL+ctrl	MASTL	MASTL	NA	False
MAT2A+ctrl	MAT2A	MAT2A	NA	False
MAU2+ctrl	MAU2	MAU2	NA	False
MAX+ctrl	MAX	MAX	NA	False
MBD3+ctrl	MBD3	MBD3	NA	False
MBIP+ctrl	MBIP	MBIP	NA	False
MBNL1+ctrl	MBNL1	MBNL1	NA	False
MBTPS1+ctrl	MBTPS1	MBTPS1	NA	False
MBTPS2+ctrl	MBTPS2	MBTPS2	NA	False
MCM10+ctrl	MCM10	MCM10	NA	False
MCM2+ctrl	MCM2	MCM2	NA	False
MCM3+ctrl	MCM3	MCM3	NA	False
MCM3AP+ctrl	MCM3AP	MCM3AP	NA	False
MCM4+ctrl	MCM4	MCM4	NA	False
MCM5+ctrl	MCM5	MCM5	NA	False
MCM6+ctrl	MCM6	MCM6	NA	False
MCM7+ctrl	MCM7	MCM7	NA	False
MCMBP+ctrl	MCMBP	MCMBP	NA	False
MDN1+ctrl	MDN1	MDN1	NA	False
MED1+ctrl	MED1	MED1	NA	False
MED10+ctrl	MED10	MED10	NA	False
MED11+ctrl	MED11	MED11	NA	False
MED12+ctrl	MED12	MED12	NA	False
MED14+ctrl	MED14	MED14	NA	False
MED16+ctrl	MED16	MED16	NA	False
MED17+ctrl	MED17	MED17	NA	False
MED18+ctrl	MED18	MED18	NA	False
MED19+ctrl	MED19	MED19	NA	False
MED20+ctrl	MED20	MED20	NA	False
MED21+ctrl	MED21	MED21	NA	False
MED22+ctrl	MED22	MED22	NA	False
MED24+ctrl	MED24	MED24	NA	False
MED26+ctrl	MED26	MED26	NA	False
MED28+ctrl	MED28	MED28	NA	False
MED29+ctrl	MED29	MED29	NA	False
MED30+ctrl	MED30	MED30	NA	False
MED31+ctrl	MED31	MED31	NA	False
MED4+ctrl	MED4	MED4	NA	False
MED6+ctrl	MED6	MED6	NA	False
MED7+ctrl	MED7	MED7	NA	False
MED8+ctrl	MED8	MED8	NA	False
MED9+ctrl	MED9	MED9	NA	False
MEIS3+ctrl	MEIS3	MEIS3	NA	False
MEN1+ctrl	MEN1	MEN1	NA	False
METAP1+ctrl	METAP1	METAP1	NA	False
METAP2+ctrl	METAP2	METAP2	NA	False
METTL14+ctrl	METTL14	METTL14	NA	False
METTL16+ctrl	METTL16	METTL16	NA	False
METTL21A+ctrl	METTL21A	METTL21A	NA	False
METTL3+ctrl	METTL3	METTL3	NA	False
MEX3A+ctrl	MEX3A	MEX3A	NA	False
MFAP1+ctrl	MFAP1	MFAP1	NA	False
MFN2+ctrl	MFN2	MFN2	NA	False
MICOS10+ctrl	MICOS10	MICOS10	NA	False
MIOS+ctrl	MIOS	MIOS	NA	False
MIS12+ctrl	MIS12	MIS12	NA	False
MIS18BP1+ctrl	MIS18BP1	MIS18BP1	NA	False
MLLT6+ctrl	MLLT6	MLLT6	NA	False
MLST8+ctrl	MLST8	MLST8	NA	False
MMP17+ctrl	MMP17	MMP17	NA	False
MMS19+ctrl	MMS19	MMS19	NA	False
MMS22L+ctrl	MMS22L	MMS22L	NA	False
MNAT1+ctrl	MNAT1	MNAT1	NA	False
MOB4+ctrl	MOB4	MOB4	NA	False
MON1A+ctrl	MON1A	MON1A	NA	False
MPHOSPH10+ctrl	MPHOSPH10	MPHOSPH10	NA	False
MPHOSPH6+ctrl	MPHOSPH6	MPHOSPH6	NA	False
MRGBP+ctrl	MRGBP	MRGBP	NA	False
MRM1+ctrl	MRM1	MRM1	NA	False
MRPL10+ctrl	MRPL10	MRPL10	NA	False
MRPL13+ctrl	MRPL13	MRPL13	NA	False
MRPL14+ctrl	MRPL14	MRPL14	NA	False
MRPL16+ctrl	MRPL16	MRPL16	NA	False
MRPL17+ctrl	MRPL17	MRPL17	NA	False
MRPL18+ctrl	MRPL18	MRPL18	NA	False
MRPL19+ctrl	MRPL19	MRPL19	NA	False
MRPL2+ctrl	MRPL2	MRPL2	NA	False
MRPL20+ctrl	MRPL20	MRPL20	NA	False
MRPL22+ctrl	MRPL22	MRPL22	NA	False
MRPL24+ctrl	MRPL24	MRPL24	NA	False
MRPL27+ctrl	MRPL27	MRPL27	NA	False
MRPL3+ctrl	MRPL3	MRPL3	NA	False
MRPL32+ctrl	MRPL32	MRPL32	NA	False
MRPL33+ctrl	MRPL33	MRPL33	NA	False
MRPL34+ctrl	MRPL34	MRPL34	NA	False
MRPL35+ctrl	MRPL35	MRPL35	NA	False
MRPL36+ctrl	MRPL36	MRPL36	NA	False
MRPL37+ctrl	MRPL37	MRPL37	NA	False
MRPL38+ctrl	MRPL38	MRPL38	NA	False
MRPL39+ctrl	MRPL39	MRPL39	NA	False
MRPL4+ctrl	MRPL4	MRPL4	NA	False
MRPL41+ctrl	MRPL41	MRPL41	NA	False
MRPL43+ctrl	MRPL43	MRPL43	NA	False
MRPL49+ctrl	MRPL49	MRPL49	NA	False
MRPL50+ctrl	MRPL50	MRPL50	NA	False
MRPL51+ctrl	MRPL51	MRPL51	NA	False
MRPL53+ctrl	MRPL53	MRPL53	NA	False
MRPL54+ctrl	MRPL54	MRPL54	NA	False
MRPL55+ctrl	MRPL55	MRPL55	NA	False
MRPS10+ctrl	MRPS10	MRPS10	NA	False
MRPS11+ctrl	MRPS11	MRPS11	NA	False
MRPS14+ctrl	MRPS14	MRPS14	NA	False
MRPS18A+ctrl	MRPS18A	MRPS18A	NA	False
MRPS2+ctrl	MRPS2	MRPS2	NA	False
MRPS21+ctrl	MRPS21	MRPS21	NA	False
MRPS22+ctrl	MRPS22	MRPS22	NA	False
MRPS23+ctrl	MRPS23	MRPS23	NA	False
MRPS24+ctrl	MRPS24	MRPS24	NA	False
MRPS26+ctrl	MRPS26	MRPS26	NA	False
MRPS27+ctrl	MRPS27	MRPS27	NA	False
MRPS28+ctrl	MRPS28	MRPS28	NA	False
MRPS33+ctrl	MRPS33	MRPS33	NA	False
MRPS34+ctrl	MRPS34	MRPS34	NA	False
MRPS35+ctrl	MRPS35	MRPS35	NA	False
MRPS7+ctrl	MRPS7	MRPS7	NA	False
MRPS9+ctrl	MRPS9	MRPS9	NA	False
MRTO4+ctrl	MRTO4	MRTO4	NA	False
MTBP+ctrl	MTBP	MTBP	NA	False
MTOR+ctrl	MTOR	MTOR	NA	False
MTPAP+ctrl	MTPAP	MTPAP	NA	False
MVD+ctrl	MVD	MVD	NA	False
MVK+ctrl	MVK	MVK	NA	False
MYBBP1A+ctrl	MYBBP1A	MYBBP1A	NA	False
MYBL2+ctrl	MYBL2	MYBL2	NA	False
MYC+ctrl	MYC	MYC	NA	False
MYSM1+ctrl	MYSM1	MYSM1	NA	False
MZT1+ctrl	MZT1	MZT1	NA	False
N6AMT1+ctrl	N6AMT1	N6AMT1	NA	False
NAA10+ctrl	NAA10	NAA10	NA	False
NAA15+ctrl	NAA15	NAA15	NA	False
NAA20+ctrl	NAA20	NAA20	NA	False
NAA25+ctrl	NAA25	NAA25	NA	False
NAA30+ctrl	NAA30	NAA30	NA	False
NAA35+ctrl	NAA35	NAA35	NA	False
NAA50+ctrl	NAA50	NAA50	NA	False
NACA+ctrl	NACA	NACA	NA	False
NAE1+ctrl	NAE1	NAE1	NA	False
NAF1+ctrl	NAF1	NAF1	NA	False
NAPG+ctrl	NAPG	NAPG	NA	False
NARS+ctrl	NARS	NARS	NA	False
NASP+ctrl	NASP	NASP	NA	False
NAT10+ctrl	NAT10	NAT10	NA	False
NBAS+ctrl	NBAS	NBAS	NA	False
NBPF12+ctrl	NBPF12	NBPF12	NA	False
NCAPD2+ctrl	NCAPD2	NCAPD2	NA	False
NCAPG+ctrl	NCAPG	NCAPG	NA	False
NCAPG2+ctrl	NCAPG2	NCAPG2	NA	False
NCAPH+ctrl	NCAPH	NCAPH	NA	False
NCAPH2+ctrl	NCAPH2	NCAPH2	NA	False
NCBP1+ctrl	NCBP1	NCBP1	NA	False
NCBP2+ctrl	NCBP2	NCBP2	NA	False
NCKAP1+ctrl	NCKAP1	NCKAP1	NA	False
NCL+ctrl	NCL	NCL	NA	False
NDC1+ctrl	NDC1	NDC1	NA	False
NDC80+ctrl	NDC80	NDC80	NA	False
NDOR1+ctrl	NDOR1	NDOR1	NA	False
NDUFA2+ctrl	NDUFA2	NDUFA2	NA	False
NDUFA3+ctrl	NDUFA3	NDUFA3	NA	False
NDUFA6+ctrl	NDUFA6	NDUFA6	NA	False
NDUFA8+ctrl	NDUFA8	NDUFA8	NA	False
NDUFAB1+ctrl	NDUFAB1	NDUFAB1	NA	False
NDUFB10+ctrl	NDUFB10	NDUFB10	NA	False
NDUFB4+ctrl	NDUFB4	NDUFB4	NA	False
NDUFB8+ctrl	NDUFB8	NDUFB8	NA	False
NDUFV2+ctrl	NDUFV2	NDUFV2	NA	False
NEDD1+ctrl	NEDD1	NEDD1	NA	False
NEDD8+ctrl	NEDD8	NEDD8	NA	False
NELFA+ctrl	NELFA	NELFA	NA	False
NELFB+ctrl	NELFB	NELFB	NA	False
NELFCD+ctrl	NELFCD	NELFCD	NA	False
NELFE+ctrl	NELFE	NELFE	NA	False
NEPRO+ctrl	NEPRO	NEPRO	NA	False
NFKBIE+ctrl	NFKBIE	NFKBIE	NA	False
NFRKB+ctrl	NFRKB	NFRKB	NA	False
NFS1+ctrl	NFS1	NFS1	NA	False
NFYB+ctrl	NFYB	NFYB	NA	False
NFYC+ctrl	NFYC	NFYC	NA	False
NHP2+ctrl	NHP2	NHP2	NA	False
NIFK+ctrl	NIFK	NIFK	NA	False
NIP7+ctrl	NIP7	NIP7	NA	False
NKAP+ctrl	NKAP	NKAP	NA	False
NKAPD1+ctrl	NKAPD1	NKAPD1	NA	False
NLE1+ctrl	NLE1	NLE1	NA	False
NMD3+ctrl	NMD3	NMD3	NA	False
NMT1+ctrl	NMT1	NMT1	NA	False
NOB1+ctrl	NOB1	NOB1	NA	False
NOC3L+ctrl	NOC3L	NOC3L	NA	False
NOC4L+ctrl	NOC4L	NOC4L	NA	False
NOL11+ctrl	NOL11	NOL11	NA	False
NOL12+ctrl	NOL12	NOL12	NA	False
NOL6+ctrl	NOL6	NOL6	NA	False
NOL7+ctrl	NOL7	NOL7	NA	False
NOL8+ctrl	NOL8	NOL8	NA	False
NOLC1+ctrl	NOLC1	NOLC1	NA	False
NOM1+ctrl	NOM1	NOM1	NA	False
NOMO1+ctrl	NOMO1	NOMO1	NA	False
NOMO3+ctrl	NOMO3	NOMO3	NA	False
NOP10+ctrl	NOP10	NOP10	NA	False
NOP14+ctrl	NOP14	NOP14	NA	False
NOP16+ctrl	NOP16	NOP16	NA	False
NOP2+ctrl	NOP2	NOP2	NA	False
NOP58+ctrl	NOP58	NOP58	NA	False
NOP9+ctrl	NOP9	NOP9	NA	False
NPLOC4+ctrl	NPLOC4	NPLOC4	NA	False
NPM1+ctrl	NPM1	NPM1	NA	False
NRBP1+ctrl	NRBP1	NRBP1	NA	False
NRDE2+ctrl	NRDE2	NRDE2	NA	False
NRF1+ctrl	NRF1	NRF1	NA	False
NSA2+ctrl	NSA2	NSA2	NA	False
NSF+ctrl	NSF	NSF	NA	False
NSL1+ctrl	NSL1	NSL1	NA	False
NSMCE2+ctrl	NSMCE2	NSMCE2	NA	False
NSRP1+ctrl	NSRP1	NSRP1	NA	False
NUB1+ctrl	NUB1	NUB1	NA	False
NUBP1+ctrl	NUBP1	NUBP1	NA	False
NUBP2+ctrl	NUBP2	NUBP2	NA	False
NUDC+ctrl	NUDC	NUDC	NA	False
NUDCD3+ctrl	NUDCD3	NUDCD3	NA	False
NUDT15+ctrl	NUDT15	NUDT15	NA	False
NUDT21+ctrl	NUDT21	NUDT21	NA	False
NUF2+ctrl	NUF2	NUF2	NA	False
NUFIP1+ctrl	NUFIP1	NUFIP1	NA	False
NUMA1+ctrl	NUMA1	NUMA1	NA	False
NUP107+ctrl	NUP107	NUP107	NA	False
NUP133+ctrl	NUP133	NUP133	NA	False
NUP153+ctrl	NUP153	NUP153	NA	False
NUP160+ctrl	NUP160	NUP160	NA	False
NUP205+ctrl	NUP205	NUP205	NA	False
NUP214+ctrl	NUP214	NUP214	NA	False
NUP35+ctrl	NUP35	NUP35	NA	False
NUP43+ctrl	NUP43	NUP43	NA	False
NUP54+ctrl	NUP54	NUP54	NA	False
NUP62+ctrl	NUP62	NUP62	NA	False
NUP85+ctrl	NUP85	NUP85	NA	False
NUP88+ctrl	NUP88	NUP88	NA	False
NUP98+ctrl	NUP98	NUP98	NA	False
NUTF2+ctrl	NUTF2	NUTF2	NA	False
NVL+ctrl	NVL	NVL	NA	False
OGFOD1+ctrl	OGFOD1	OGFOD1	NA	False
OGT+ctrl	OGT	OGT	NA	False
OLFML3+ctrl	OLFML3	OLFML3	NA	False
OPA1+ctrl	OPA1	OPA1	NA	False
ORC1+ctrl	ORC1	ORC1	NA	False
ORC3+ctrl	ORC3	ORC3	NA	False
ORC4+ctrl	ORC4	ORC4	NA	False
ORC5+ctrl	ORC5	ORC5	NA	False
ORC6+ctrl	ORC6	ORC6	NA	False
OSBP+ctrl	OSBP	OSBP	NA	False
OSGEP+ctrl	OSGEP	OSGEP	NA	False
OSTC+ctrl	OSTC	OSTC	NA	False
OTX1+ctrl	OTX1	OTX1	NA	False
OXA1L+ctrl	OXA1L	OXA1L	NA	False
PABPC1+ctrl	PABPC1	PABPC1	NA	False
PABPC4+ctrl	PABPC4	PABPC4	NA	False
PABPN1+ctrl	PABPN1	PABPN1	NA	False
PAF1+ctrl	PAF1	PAF1	NA	False
PAFAH1B1+ctrl	PAFAH1B1	PAFAH1B1	NA	False
PALB2+ctrl	PALB2	PALB2	NA	False
PAM16+ctrl	PAM16	PAM16	NA	False
PARN+ctrl	PARN	PARN	NA	False
PARS2+ctrl	PARS2	PARS2	NA	False
PAXBP1+ctrl	PAXBP1	PAXBP1	NA	False
PCBP1+ctrl	PCBP1	PCBP1	NA	False
PCBP2+ctrl	PCBP2	PCBP2	NA	False
PCF11+ctrl	PCF11	PCF11	NA	False
PCID2+ctrl	PCID2	PCID2	NA	False
PCM1+ctrl	PCM1	PCM1	NA	False
PCNA+ctrl	PCNA	PCNA	NA	False
PCNX3+ctrl	PCNX3	PCNX3	NA	False
PDAP1+ctrl	PDAP1	PDAP1	NA	False
PDCD11+ctrl	PDCD11	PDCD11	NA	False
PDCD2+ctrl	PDCD2	PDCD2	NA	False
PDCD5+ctrl	PDCD5	PDCD5	NA	False
PDCD7+ctrl	PDCD7	PDCD7	NA	False
PDHA1+ctrl	PDHA1	PDHA1	NA	False
PDPK1+ctrl	PDPK1	PDPK1	NA	False
PDRG1+ctrl	PDRG1	PDRG1	NA	False
PELO+ctrl	PELO	PELO	NA	False
PELP1+ctrl	PELP1	PELP1	NA	False
PES1+ctrl	PES1	PES1	NA	False
PET117+ctrl	PET117	PET117	NA	False
PEX19+ctrl	PEX19	PEX19	NA	False
PFDN2+ctrl	PFDN2	PFDN2	NA	False
PFN1+ctrl	PFN1	PFN1	NA	False
PGAM1+ctrl	PGAM1	PGAM1	NA	False
PGAM5+ctrl	PGAM5	PGAM5	NA	False
PGD+ctrl	PGD	PGD	NA	False
PGK1+ctrl	PGK1	PGK1	NA	False
PGPEP1+ctrl	PGPEP1	PGPEP1	NA	False
PGS1+ctrl	PGS1	PGS1	NA	False
PHAX+ctrl	PHAX	PHAX	NA	False
PHB+ctrl	PHB	PHB	NA	False
PHB2+ctrl	PHB2	PHB2	NA	False
PHF10+ctrl	PHF10	PHF10	NA	False
PHF12+ctrl	PHF12	PHF12	NA	False
PHF5A+ctrl	PHF5A	PHF5A	NA	False
PI4KA+ctrl	PI4KA	PI4KA	NA	False
PIAS1+ctrl	PIAS1	PIAS1	NA	False
PIAS4+ctrl	PIAS4	PIAS4	NA	False
PIGH+ctrl	PIGH	PIGH	NA	False
PIK3C3+ctrl	PIK3C3	PIK3C3	NA	False
PIK3R4+ctrl	PIK3R4	PIK3R4	NA	False
PITRM1+ctrl	PITRM1	PITRM1	NA	False
PKM+ctrl	PKM	PKM	NA	False
PLK1+ctrl	PLK1	PLK1	NA	False
PLK4+ctrl	PLK4	PLK4	NA	False
PLRG1+ctrl	PLRG1	PLRG1	NA	False
PMF1+ctrl	PMF1	PMF1	NA	False
PMPCA+ctrl	PMPCA	PMPCA	NA	False
PMPCB+ctrl	PMPCB	PMPCB	NA	False
PNISR+ctrl	PNISR	PNISR	NA	False
PNKP+ctrl	PNKP	PNKP	NA	False
PNN+ctrl	PNN	PNN	NA	False
PNO1+ctrl	PNO1	PNO1	NA	False
PNPT1+ctrl	PNPT1	PNPT1	NA	False
POGLUT3+ctrl	POGLUT3	POGLUT3	NA	False
POLA1+ctrl	POLA1	POLA1	NA	False
POLA2+ctrl	POLA2	POLA2	NA	False
POLD1+ctrl	POLD1	POLD1	NA	False
POLD2+ctrl	POLD2	POLD2	NA	False
POLD3+ctrl	POLD3	POLD3	NA	False
POLE+ctrl	POLE	POLE	NA	False
POLL+ctrl	POLL	POLL	NA	False
POLR1A+ctrl	POLR1A	POLR1A	NA	False
POLR1B+ctrl	POLR1B	POLR1B	NA	False
POLR1C+ctrl	POLR1C	POLR1C	NA	False
POLR1E+ctrl	POLR1E	POLR1E	NA	False
POLR2A+ctrl	POLR2A	POLR2A	NA	False
POLR2B+ctrl	POLR2B	POLR2B	NA	False
POLR2C+ctrl	POLR2C	POLR2C	NA	False
POLR2D+ctrl	POLR2D	POLR2D	NA	False
POLR2E+ctrl	POLR2E	POLR2E	NA	False
POLR2F+ctrl	POLR2F	POLR2F	NA	False
POLR2G+ctrl	POLR2G	POLR2G	NA	False
POLR2H+ctrl	POLR2H	POLR2H	NA	False
POLR2I+ctrl	POLR2I	POLR2I	NA	False
POLR2L+ctrl	POLR2L	POLR2L	NA	False
POLR2M+ctrl	POLR2M	POLR2M	NA	False
POLR3B+ctrl	POLR3B	POLR3B	NA	False
POLR3C+ctrl	POLR3C	POLR3C	NA	False
POLR3D+ctrl	POLR3D	POLR3D	NA	False
POLR3E+ctrl	POLR3E	POLR3E	NA	False
POLR3F+ctrl	POLR3F	POLR3F	NA	False
POLR3H+ctrl	POLR3H	POLR3H	NA	False
POLRMT+ctrl	POLRMT	POLRMT	NA	False
POP1+ctrl	POP1	POP1	NA	False
POP4+ctrl	POP4	POP4	NA	False
POP5+ctrl	POP5	POP5	NA	False
POP7+ctrl	POP7	POP7	NA	False
POU3F1+ctrl	POU3F1	POU3F1	NA	False
PPA1+ctrl	PPA1	PPA1	NA	False
PPAN+ctrl	PPAN	PPAN	NA	False
PPARGC1B+ctrl	PPARGC1B	PPARGC1B	NA	False
PPIE+ctrl	PPIE	PPIE	NA	False
PPIH+ctrl	PPIH	PPIH	NA	False
PPIL2+ctrl	PPIL2	PPIL2	NA	False
PPIL4+ctrl	PPIL4	PPIL4	NA	False
PPP1CA+ctrl	PPP1CA	PPP1CA	NA	False
PPP1R10+ctrl	PPP1R10	PPP1R10	NA	False
PPP1R11+ctrl	PPP1R11	PPP1R11	NA	False
PPP1R12A+ctrl	PPP1R12A	PPP1R12A	NA	False
PPP1R15B+ctrl	PPP1R15B	PPP1R15B	NA	False
PPP1R2+ctrl	PPP1R2	PPP1R2	NA	False
PPP1R37+ctrl	PPP1R37	PPP1R37	NA	False
PPP1R7+ctrl	PPP1R7	PPP1R7	NA	False
PPP1R8+ctrl	PPP1R8	PPP1R8	NA	False
PPP2CA+ctrl	PPP2CA	PPP2CA	NA	False
PPP2CB+ctrl	PPP2CB	PPP2CB	NA	False
PPP2R1A+ctrl	PPP2R1A	PPP2R1A	NA	False
PPP2R3C+ctrl	PPP2R3C	PPP2R3C	NA	False
PPP4C+ctrl	PPP4C	PPP4C	NA	False
PPP4R2+ctrl	PPP4R2	PPP4R2	NA	False
PPP6C+ctrl	PPP6C	PPP6C	NA	False
PPRC1+ctrl	PPRC1	PPRC1	NA	False
PPWD1+ctrl	PPWD1	PPWD1	NA	False
PRC1+ctrl	PRC1	PRC1	NA	False
PRDM10+ctrl	PRDM10	PRDM10	NA	False
PRDM4+ctrl	PRDM4	PRDM4	NA	False
PRDM8+ctrl	PRDM8	PRDM8	NA	False
PRELID1+ctrl	PRELID1	PRELID1	NA	False
PRELID3B+ctrl	PRELID3B	PRELID3B	NA	False
PRIM1+ctrl	PRIM1	PRIM1	NA	False
PRIM2+ctrl	PRIM2	PRIM2	NA	False
PRKCA+ctrl	PRKCA	PRKCA	NA	False
PRKRA+ctrl	PRKRA	PRKRA	NA	False
PRMT1+ctrl	PRMT1	PRMT1	NA	False
PRMT5+ctrl	PRMT5	PRMT5	NA	False
PRORP+ctrl	PRORP	PRORP	NA	False
PRPF18+ctrl	PRPF18	PRPF18	NA	False
PRPF19+ctrl	PRPF19	PRPF19	NA	False
PRPF3+ctrl	PRPF3	PRPF3	NA	False
PRPF31+ctrl	PRPF31	PRPF31	NA	False
PRPF38A+ctrl	PRPF38A	PRPF38A	NA	False
PRPF39+ctrl	PRPF39	PRPF39	NA	False
PRPF4+ctrl	PRPF4	PRPF4	NA	False
PRPF40A+ctrl	PRPF40A	PRPF40A	NA	False
PRPF4B+ctrl	PRPF4B	PRPF4B	NA	False
PRPF6+ctrl	PRPF6	PRPF6	NA	False
PRPF8+ctrl	PRPF8	PRPF8	NA	False
PRRC2A+ctrl	PRRC2A	PRRC2A	NA	False
PRXL2A+ctrl	PRXL2A	PRXL2A	NA	False
PSMA1+ctrl	PSMA1	PSMA1	NA	False
PSMA2+ctrl	PSMA2	PSMA2	NA	False
PSMA3+ctrl	PSMA3	PSMA3	NA	False
PSMA4+ctrl	PSMA4	PSMA4	NA	False
PSMA6+ctrl	PSMA6	PSMA6	NA	False
PSMA7+ctrl	PSMA7	PSMA7	NA	False
PSMB1+ctrl	PSMB1	PSMB1	NA	False
PSMB2+ctrl	PSMB2	PSMB2	NA	False
PSMB3+ctrl	PSMB3	PSMB3	NA	False
PSMB4+ctrl	PSMB4	PSMB4	NA	False
PSMB5+ctrl	PSMB5	PSMB5	NA	False
PSMB6+ctrl	PSMB6	PSMB6	NA	False
PSMB7+ctrl	PSMB7	PSMB7	NA	False
PSMC1+ctrl	PSMC1	PSMC1	NA	False
PSMC2+ctrl	PSMC2	PSMC2	NA	False
PSMC3+ctrl	PSMC3	PSMC3	NA	False
PSMC4+ctrl	PSMC4	PSMC4	NA	False
PSMC5+ctrl	PSMC5	PSMC5	NA	False
PSMC6+ctrl	PSMC6	PSMC6	NA	False
PSMD1+ctrl	PSMD1	PSMD1	NA	False
PSMD11+ctrl	PSMD11	PSMD11	NA	False
PSMD12+ctrl	PSMD12	PSMD12	NA	False
PSMD13+ctrl	PSMD13	PSMD13	NA	False
PSMD14+ctrl	PSMD14	PSMD14	NA	False
PSMD2+ctrl	PSMD2	PSMD2	NA	False
PSMD3+ctrl	PSMD3	PSMD3	NA	False
PSMD4+ctrl	PSMD4	PSMD4	NA	False
PSMD6+ctrl	PSMD6	PSMD6	NA	False
PSMD7+ctrl	PSMD7	PSMD7	NA	False
PSMD8+ctrl	PSMD8	PSMD8	NA	False
PSME1+ctrl	PSME1	PSME1	NA	False
PSMG2+ctrl	PSMG2	PSMG2	NA	False
PSMG3+ctrl	PSMG3	PSMG3	NA	False
PSMG4+ctrl	PSMG4	PSMG4	NA	False
PSTK+ctrl	PSTK	PSTK	NA	False
PTBP1+ctrl	PTBP1	PTBP1	NA	False
PTCD1+ctrl	PTCD1	PTCD1	NA	False
PTEN+ctrl	PTEN	PTEN	NA	False
PTGR2+ctrl	PTGR2	PTGR2	NA	False
PTK2+ctrl	PTK2	PTK2	NA	False
PTMA+ctrl	PTMA	PTMA	NA	False
PTPMT1+ctrl	PTPMT1	PTPMT1	NA	False
PTPN1+ctrl	PTPN1	PTPN1	NA	False
PTPN23+ctrl	PTPN23	PTPN23	NA	False
PUF60+ctrl	PUF60	PUF60	NA	False
PUM1+ctrl	PUM1	PUM1	NA	False
PWP2+ctrl	PWP2	PWP2	NA	False
PXN+ctrl	PXN	PXN	NA	False
PYROXD1+ctrl	PYROXD1	PYROXD1	NA	False
QARS+ctrl	QARS	QARS	NA	False
RAB18+ctrl	RAB18	RAB18	NA	False
RAB4A+ctrl	RAB4A	RAB4A	NA	False
RAB4B+ctrl	RAB4B	RAB4B	NA	False
RAB6A+ctrl	RAB6A	RAB6A	NA	False
RABGGTA+ctrl	RABGGTA	RABGGTA	NA	False
RABGGTB+ctrl	RABGGTB	RABGGTB	NA	False
RAC1+ctrl	RAC1	RAC1	NA	False
RAC3+ctrl	RAC3	RAC3	NA	False
RACGAP1+ctrl	RACGAP1	RACGAP1	NA	False
RAD17+ctrl	RAD17	RAD17	NA	False
RAD21+ctrl	RAD21	RAD21	NA	False
RAD51+ctrl	RAD51	RAD51	NA	False
RAD51C+ctrl	RAD51C	RAD51C	NA	False
RAD9A+ctrl	RAD9A	RAD9A	NA	False
RAE1+ctrl	RAE1	RAE1	NA	False
RAMAC+ctrl	RAMAC	RAMAC	NA	False
RAN+ctrl	RAN	RAN	NA	False
RANBP2+ctrl	RANBP2	RANBP2	NA	False
RANGAP1+ctrl	RANGAP1	RANGAP1	NA	False
RARS+ctrl	RARS	RARS	NA	False
RARS2+ctrl	RARS2	RARS2	NA	False
RBBP4+ctrl	RBBP4	RBBP4	NA	False
RBBP5+ctrl	RBBP5	RBBP5	NA	False
RBBP6+ctrl	RBBP6	RBBP6	NA	False
RBBP8+ctrl	RBBP8	RBBP8	NA	False
RBM10+ctrl	RBM10	RBM10	NA	False
RBM12+ctrl	RBM12	RBM12	NA	False
RBM14+ctrl	RBM14	RBM14	NA	False
RBM15+ctrl	RBM15	RBM15	NA	False
RBM17+ctrl	RBM17	RBM17	NA	False
RBM19+ctrl	RBM19	RBM19	NA	False
RBM25+ctrl	RBM25	RBM25	NA	False
RBM28+ctrl	RBM28	RBM28	NA	False
RBM33+ctrl	RBM33	RBM33	NA	False
RBM39+ctrl	RBM39	RBM39	NA	False
RBM4+ctrl	RBM4	RBM4	NA	False
RBM42+ctrl	RBM42	RBM42	NA	False
RBM48+ctrl	RBM48	RBM48	NA	False
RBM8A+ctrl	RBM8A	RBM8A	NA	False
RBMX+ctrl	RBMX	RBMX	NA	False
RBMX2+ctrl	RBMX2	RBMX2	NA	False
RBX1+ctrl	RBX1	RBX1	NA	False
RCC1+ctrl	RCC1	RCC1	NA	False
RCCD1+ctrl	RCCD1	RCCD1	NA	False
RCL1+ctrl	RCL1	RCL1	NA	False
RELL2+ctrl	RELL2	RELL2	NA	False
REXO2+ctrl	REXO2	REXO2	NA	False
RFC1+ctrl	RFC1	RFC1	NA	False
RFC2+ctrl	RFC2	RFC2	NA	False
RFC3+ctrl	RFC3	RFC3	NA	False
RFC4+ctrl	RFC4	RFC4	NA	False
RFC5+ctrl	RFC5	RFC5	NA	False
RFT1+ctrl	RFT1	RFT1	NA	False
RGPD6+ctrl	RGPD6	RGPD6	NA	False
RINT1+ctrl	RINT1	RINT1	NA	False
RIOK1+ctrl	RIOK1	RIOK1	NA	False
RIOK2+ctrl	RIOK2	RIOK2	NA	False
RMI1+ctrl	RMI1	RMI1	NA	False
RNASEH2C+ctrl	RNASEH2C	RNASEH2C	NA	False
RNF103+ctrl	RNF103	RNF103	NA	False
RNF113A+ctrl	RNF113A	RNF113A	NA	False
RNF20+ctrl	RNF20	RNF20	NA	False
RNF40+ctrl	RNF40	RNF40	NA	False
RNF8+ctrl	RNF8	RNF8	NA	False
RNGTT+ctrl	RNGTT	RNGTT	NA	False
RNMT+ctrl	RNMT	RNMT	NA	False
RNPC3+ctrl	RNPC3	RNPC3	NA	False
RNPS1+ctrl	RNPS1	RNPS1	NA	False
ROMO1+ctrl	ROMO1	ROMO1	NA	False
RPA1+ctrl	RPA1	RPA1	NA	False
RPA2+ctrl	RPA2	RPA2	NA	False
RPA3+ctrl	RPA3	RPA3	NA	False
RPAIN+ctrl	RPAIN	RPAIN	NA	False
RPAP1+ctrl	RPAP1	RPAP1	NA	False
RPAP2+ctrl	RPAP2	RPAP2	NA	False
RPAP3+ctrl	RPAP3	RPAP3	NA	False
RPE+ctrl	RPE	RPE	NA	False
RPF1+ctrl	RPF1	RPF1	NA	False
RPF2+ctrl	RPF2	RPF2	NA	False
RPIA+ctrl	RPIA	RPIA	NA	False
RPL10+ctrl	RPL10	RPL10	NA	False
RPL10A+ctrl	RPL10A	RPL10A	NA	False
RPL11+ctrl	RPL11	RPL11	NA	False
RPL12+ctrl	RPL12	RPL12	NA	False
RPL13+ctrl	RPL13	RPL13	NA	False
RPL13A+ctrl	RPL13A	RPL13A	NA	False
RPL14+ctrl	RPL14	RPL14	NA	False
RPL15+ctrl	RPL15	RPL15	NA	False
RPL17+ctrl	RPL17	RPL17	NA	False
RPL18+ctrl	RPL18	RPL18	NA	False
RPL18A+ctrl	RPL18A	RPL18A	NA	False
RPL19+ctrl	RPL19	RPL19	NA	False
RPL21+ctrl	RPL21	RPL21	NA	False
RPL23+ctrl	RPL23	RPL23	NA	False
RPL23A+ctrl	RPL23A	RPL23A	NA	False
RPL24+ctrl	RPL24	RPL24	NA	False
RPL26+ctrl	RPL26	RPL26	NA	False
RPL27+ctrl	RPL27	RPL27	NA	False
RPL27A+ctrl	RPL27A	RPL27A	NA	False
RPL28+ctrl	RPL28	RPL28	NA	False
RPL29+ctrl	RPL29	RPL29	NA	False
RPL3+ctrl	RPL3	RPL3	NA	False
RPL30+ctrl	RPL30	RPL30	NA	False
RPL31+ctrl	RPL31	RPL31	NA	False
RPL32+ctrl	RPL32	RPL32	NA	False
RPL34+ctrl	RPL34	RPL34	NA	False
RPL35+ctrl	RPL35	RPL35	NA	False
RPL35A+ctrl	RPL35A	RPL35A	NA	False
RPL36+ctrl	RPL36	RPL36	NA	False
RPL36A+ctrl	RPL36A	RPL36A	NA	False
RPL37+ctrl	RPL37	RPL37	NA	False
RPL37A+ctrl	RPL37A	RPL37A	NA	False
RPL38+ctrl	RPL38	RPL38	NA	False
RPL39+ctrl	RPL39	RPL39	NA	False
RPL4+ctrl	RPL4	RPL4	NA	False
RPL5+ctrl	RPL5	RPL5	NA	False
RPL6+ctrl	RPL6	RPL6	NA	False
RPL7+ctrl	RPL7	RPL7	NA	False
RPL7L1+ctrl	RPL7L1	RPL7L1	NA	False
RPL8+ctrl	RPL8	RPL8	NA	False
RPL9+ctrl	RPL9	RPL9	NA	False
RPLP0+ctrl	RPLP0	RPLP0	NA	False
RPLP1+ctrl	RPLP1	RPLP1	NA	False
RPLP2+ctrl	RPLP2	RPLP2	NA	False
RPN1+ctrl	RPN1	RPN1	NA	False
RPN2+ctrl	RPN2	RPN2	NA	False
RPP14+ctrl	RPP14	RPP14	NA	False
RPP21+ctrl	RPP21	RPP21	NA	False
RPP30+ctrl	RPP30	RPP30	NA	False
RPP38+ctrl	RPP38	RPP38	NA	False
RPP40+ctrl	RPP40	RPP40	NA	False
RPRD1B+ctrl	RPRD1B	RPRD1B	NA	False
RPS10+ctrl	RPS10	RPS10	NA	False
RPS10-NUDT3+ctrl	RPS10-NUDT3	RPS10-NUDT3	NA	False
RPS11+ctrl	RPS11	RPS11	NA	False
RPS12+ctrl	RPS12	RPS12	NA	False
RPS13+ctrl	RPS13	RPS13	NA	False
RPS14+ctrl	RPS14	RPS14	NA	False
RPS15+ctrl	RPS15	RPS15	NA	False
RPS15A+ctrl	RPS15A	RPS15A	NA	False
RPS16+ctrl	RPS16	RPS16	NA	False
RPS17+ctrl	RPS17	RPS17	NA	False
RPS18+ctrl	RPS18	RPS18	NA	False
RPS19+ctrl	RPS19	RPS19	NA	False
RPS19BP1+ctrl	RPS19BP1	RPS19BP1	NA	False
RPS2+ctrl	RPS2	RPS2	NA	False
RPS20+ctrl	RPS20	RPS20	NA	False
RPS21+ctrl	RPS21	RPS21	NA	False
RPS23+ctrl	RPS23	RPS23	NA	False
RPS24+ctrl	RPS24	RPS24	NA	False
RPS26+ctrl	RPS26	RPS26	NA	False
RPS27+ctrl	RPS27	RPS27	NA	False
RPS27A+ctrl	RPS27A	RPS27A	NA	False
RPS28+ctrl	RPS28	RPS28	NA	False
RPS29+ctrl	RPS29	RPS29	NA	False
RPS3+ctrl	RPS3	RPS3	NA	False
RPS3A+ctrl	RPS3A	RPS3A	NA	False
RPS4X+ctrl	RPS4X	RPS4X	NA	False
RPS5+ctrl	RPS5	RPS5	NA	False
RPS6+ctrl	RPS6	RPS6	NA	False
RPS7+ctrl	RPS7	RPS7	NA	False
RPS8+ctrl	RPS8	RPS8	NA	False
RPS9+ctrl	RPS9	RPS9	NA	False
RPSA+ctrl	RPSA	RPSA	NA	False
RPTOR+ctrl	RPTOR	RPTOR	NA	False
RPUSD3+ctrl	RPUSD3	RPUSD3	NA	False
RPUSD4+ctrl	RPUSD4	RPUSD4	NA	False
RRM1+ctrl	RRM1	RRM1	NA	False
RRM2+ctrl	RRM2	RRM2	NA	False
RRN3+ctrl	RRN3	RRN3	NA	False
RRP1+ctrl	RRP1	RRP1	NA	False
RRP12+ctrl	RRP12	RRP12	NA	False
RRP7A+ctrl	RRP7A	RRP7A	NA	False
RRP9+ctrl	RRP9	RRP9	NA	False
RRS1+ctrl	RRS1	RRS1	NA	False
RSL1D1+ctrl	RSL1D1	RSL1D1	NA	False
RSL24D1+ctrl	RSL24D1	RSL24D1	NA	False
RTCB+ctrl	RTCB	RTCB	NA	False
RTEL1+ctrl	RTEL1	RTEL1	NA	False
RTF1+ctrl	RTF1	RTF1	NA	False
RTRAF+ctrl	RTRAF	RTRAF	NA	False
RTTN+ctrl	RTTN	RTTN	NA	False
RUVBL1+ctrl	RUVBL1	RUVBL1	NA	False
RUVBL2+ctrl	RUVBL2	RUVBL2	NA	False
S100A1+ctrl	S100A1	S100A1	NA	False
SACM1L+ctrl	SACM1L	SACM1L	NA	False
SAE1+ctrl	SAE1	SAE1	NA	False
SAMD4B+ctrl	SAMD4B	SAMD4B	NA	False
SAMM50+ctrl	SAMM50	SAMM50	NA	False
SAP130+ctrl	SAP130	SAP130	NA	False
SAP18+ctrl	SAP18	SAP18	NA	False
SAP30BP+ctrl	SAP30BP	SAP30BP	NA	False
SARS+ctrl	SARS	SARS	NA	False
SARS2+ctrl	SARS2	SARS2	NA	False
SART1+ctrl	SART1	SART1	NA	False
SART3+ctrl	SART3	SART3	NA	False
SASS6+ctrl	SASS6	SASS6	NA	False
SBDS+ctrl	SBDS	SBDS	NA	False
SBNO1+ctrl	SBNO1	SBNO1	NA	False
SCAF1+ctrl	SCAF1	SCAF1	NA	False
SCAP+ctrl	SCAP	SCAP	NA	False
SCFD1+ctrl	SCFD1	SCFD1	NA	False
SDAD1+ctrl	SDAD1	SDAD1	NA	False
SDC1+ctrl	SDC1	SDC1	NA	False
SDE2+ctrl	SDE2	SDE2	NA	False
SDHAF2+ctrl	SDHAF2	SDHAF2	NA	False
SDHC+ctrl	SDHC	SDHC	NA	False
SEC13+ctrl	SEC13	SEC13	NA	False
SEC16A+ctrl	SEC16A	SEC16A	NA	False
SEC61A1+ctrl	SEC61A1	SEC61A1	NA	False
SEC61B+ctrl	SEC61B	SEC61B	NA	False
SEC61G+ctrl	SEC61G	SEC61G	NA	False
SEC63+ctrl	SEC63	SEC63	NA	False
SEH1L+ctrl	SEH1L	SEH1L	NA	False
SEM1+ctrl	SEM1	SEM1	NA	False
SENP6+ctrl	SENP6	SENP6	NA	False
SEPSECS+ctrl	SEPSECS	SEPSECS	NA	False
SERBP1+ctrl	SERBP1	SERBP1	NA	False
SERF2+ctrl	SERF2	SERF2	NA	False
SERPINB1+ctrl	SERPINB1	SERPINB1	NA	False
SETD1A+ctrl	SETD1A	SETD1A	NA	False
SETD5+ctrl	SETD5	SETD5	NA	False
SETDB1+ctrl	SETDB1	SETDB1	NA	False
SETX+ctrl	SETX	SETX	NA	False
SF1+ctrl	SF1	SF1	NA	False
SF3A1+ctrl	SF3A1	SF3A1	NA	False
SF3A2+ctrl	SF3A2	SF3A2	NA	False
SF3B2+ctrl	SF3B2	SF3B2	NA	False
SF3B3+ctrl	SF3B3	SF3B3	NA	False
SF3B4+ctrl	SF3B4	SF3B4	NA	False
SF3B5+ctrl	SF3B5	SF3B5	NA	False
SFPQ+ctrl	SFPQ	SFPQ	NA	False
SFSWAP+ctrl	SFSWAP	SFSWAP	NA	False
SH3KBP1+ctrl	SH3KBP1	SH3KBP1	NA	False
SHOC2+ctrl	SHOC2	SHOC2	NA	False
SHQ1+ctrl	SHQ1	SHQ1	NA	False
SIN3A+ctrl	SIN3A	SIN3A	NA	False
SIRT7+ctrl	SIRT7	SIRT7	NA	False
SKA1+ctrl	SKA1	SKA1	NA	False
SKA3+ctrl	SKA3	SKA3	NA	False
SKP1+ctrl	SKP1	SKP1	NA	False
SLBP+ctrl	SLBP	SLBP	NA	False
SLC1A5+ctrl	SLC1A5	SLC1A5	NA	False
SLC25A42+ctrl	SLC25A42	SLC25A42	NA	False
SLC2A8+ctrl	SLC2A8	SLC2A8	NA	False
SLC35B1+ctrl	SLC35B1	SLC35B1	NA	False
SLC35G2+ctrl	SLC35G2	SLC35G2	NA	False
SLC39A9+ctrl	SLC39A9	SLC39A9	NA	False
SLC7A5+ctrl	SLC7A5	SLC7A5	NA	False
SLC7A6OS+ctrl	SLC7A6OS	SLC7A6OS	NA	False
SLU7+ctrl	SLU7	SLU7	NA	False
SMAGP+ctrl	SMAGP	SMAGP	NA	False
SMARCB1+ctrl	SMARCB1	SMARCB1	NA	False
SMARCC1+ctrl	SMARCC1	SMARCC1	NA	False
SMARCE1+ctrl	SMARCE1	SMARCE1	NA	False
SMC1A+ctrl	SMC1A	SMC1A	NA	False
SMC2+ctrl	SMC2	SMC2	NA	False
SMC3+ctrl	SMC3	SMC3	NA	False
SMC4+ctrl	SMC4	SMC4	NA	False
SMC5+ctrl	SMC5	SMC5	NA	False
SMC6+ctrl	SMC6	SMC6	NA	False
SMG1+ctrl	SMG1	SMG1	NA	False
SMG5+ctrl	SMG5	SMG5	NA	False
SMG6+ctrl	SMG6	SMG6	NA	False
SMG7+ctrl	SMG7	SMG7	NA	False
SMG9+ctrl	SMG9	SMG9	NA	False
SMN2+ctrl	SMN2	SMN2	NA	False
SMNDC1+ctrl	SMNDC1	SMNDC1	NA	False
SMU1+ctrl	SMU1	SMU1	NA	False
SNAPC1+ctrl	SNAPC1	SNAPC1	NA	False
SNAPC2+ctrl	SNAPC2	SNAPC2	NA	False
SNAPC3+ctrl	SNAPC3	SNAPC3	NA	False
SNAPC5+ctrl	SNAPC5	SNAPC5	NA	False
SNIP1+ctrl	SNIP1	SNIP1	NA	False
SNRNP200+ctrl	SNRNP200	SNRNP200	NA	False
SNRNP25+ctrl	SNRNP25	SNRNP25	NA	False
SNRNP27+ctrl	SNRNP27	SNRNP27	NA	False
SNRNP35+ctrl	SNRNP35	SNRNP35	NA	False
SNRNP40+ctrl	SNRNP40	SNRNP40	NA	False
SNRNP48+ctrl	SNRNP48	SNRNP48	NA	False
SNRNP70+ctrl	SNRNP70	SNRNP70	NA	False
SNRPA+ctrl	SNRPA	SNRPA	NA	False
SNRPA1+ctrl	SNRPA1	SNRPA1	NA	False
SNRPB+ctrl	SNRPB	SNRPB	NA	False
SNRPC+ctrl	SNRPC	SNRPC	NA	False
SNRPD1+ctrl	SNRPD1	SNRPD1	NA	False
SNRPD2+ctrl	SNRPD2	SNRPD2	NA	False
SNRPD3+ctrl	SNRPD3	SNRPD3	NA	False
SNRPE+ctrl	SNRPE	SNRPE	NA	False
SNRPF+ctrl	SNRPF	SNRPF	NA	False
SNRPG+ctrl	SNRPG	SNRPG	NA	False
SNTB2+ctrl	SNTB2	SNTB2	NA	False
SNUPN+ctrl	SNUPN	SNUPN	NA	False
SNW1+ctrl	SNW1	SNW1	NA	False
SON+ctrl	SON	SON	NA	False
SP1+ctrl	SP1	SP1	NA	False
SP2+ctrl	SP2	SP2	NA	False
SPATA5+ctrl	SPATA5	SPATA5	NA	False
SPATA5L1+ctrl	SPATA5L1	SPATA5L1	NA	False
SPC24+ctrl	SPC24	SPC24	NA	False
SPC25+ctrl	SPC25	SPC25	NA	False
SPCS2+ctrl	SPCS2	SPCS2	NA	False
SPCS3+ctrl	SPCS3	SPCS3	NA	False
SPEN+ctrl	SPEN	SPEN	NA	False
SPG7+ctrl	SPG7	SPG7	NA	False
SRA1+ctrl	SRA1	SRA1	NA	False
SRBD1+ctrl	SRBD1	SRBD1	NA	False
SRCAP+ctrl	SRCAP	SRCAP	NA	False
SRF+ctrl	SRF	SRF	NA	False
SRFBP1+ctrl	SRFBP1	SRFBP1	NA	False
SRP14+ctrl	SRP14	SRP14	NA	False
SRP19+ctrl	SRP19	SRP19	NA	False
SRP54+ctrl	SRP54	SRP54	NA	False
SRP68+ctrl	SRP68	SRP68	NA	False
SRP72+ctrl	SRP72	SRP72	NA	False
SRP9+ctrl	SRP9	SRP9	NA	False
SRPRB+ctrl	SRPRB	SRPRB	NA	False
SRRM1+ctrl	SRRM1	SRRM1	NA	False
SRRM2+ctrl	SRRM2	SRRM2	NA	False
SRRT+ctrl	SRRT	SRRT	NA	False
SRSF1+ctrl	SRSF1	SRSF1	NA	False
SRSF10+ctrl	SRSF10	SRSF10	NA	False
SRSF11+ctrl	SRSF11	SRSF11	NA	False
SRSF2+ctrl	SRSF2	SRSF2	NA	False
SRSF3+ctrl	SRSF3	SRSF3	NA	False
SRSF6+ctrl	SRSF6	SRSF6	NA	False
SRSF7+ctrl	SRSF7	SRSF7	NA	False
SS18L2+ctrl	SS18L2	SS18L2	NA	False
SSBP1+ctrl	SSBP1	SSBP1	NA	False
SSRP1+ctrl	SSRP1	SSRP1	NA	False
SSU72+ctrl	SSU72	SSU72	NA	False
STAG2+ctrl	STAG2	STAG2	NA	False
STARD7+ctrl	STARD7	STARD7	NA	False
STAT5B+ctrl	STAT5B	STAT5B	NA	False
STIL+ctrl	STIL	STIL	NA	False
STRAP+ctrl	STRAP	STRAP	NA	False
STX5+ctrl	STX5	STX5	NA	False
SUDS3+ctrl	SUDS3	SUDS3	NA	False
SUGP1+ctrl	SUGP1	SUGP1	NA	False
SUGT1+ctrl	SUGT1	SUGT1	NA	False
SUMO2+ctrl	SUMO2	SUMO2	NA	False
SUPT16H+ctrl	SUPT16H	SUPT16H	NA	False
SUPT20H+ctrl	SUPT20H	SUPT20H	NA	False
SUPT4H1+ctrl	SUPT4H1	SUPT4H1	NA	False
SUPT5H+ctrl	SUPT5H	SUPT5H	NA	False
SUPT6H+ctrl	SUPT6H	SUPT6H	NA	False
SUPV3L1+ctrl	SUPV3L1	SUPV3L1	NA	False
SURF6+ctrl	SURF6	SURF6	NA	False
SYF2+ctrl	SYF2	SYF2	NA	False
SYMPK+ctrl	SYMPK	SYMPK	NA	False
SYNGR3+ctrl	SYNGR3	SYNGR3	NA	False
SYS1+ctrl	SYS1	SYS1	NA	False
TADA1+ctrl	TADA1	TADA1	NA	False
TADA2A+ctrl	TADA2A	TADA2A	NA	False
TADA2B+ctrl	TADA2B	TADA2B	NA	False
TADA3+ctrl	TADA3	TADA3	NA	False
TAF1+ctrl	TAF1	TAF1	NA	False
TAF10+ctrl	TAF10	TAF10	NA	False
TAF11+ctrl	TAF11	TAF11	NA	False
TAF12+ctrl	TAF12	TAF12	NA	False
TAF13+ctrl	TAF13	TAF13	NA	False
TAF1C+ctrl	TAF1C	TAF1C	NA	False
TAF1D+ctrl	TAF1D	TAF1D	NA	False
TAF2+ctrl	TAF2	TAF2	NA	False
TAF3+ctrl	TAF3	TAF3	NA	False
TAF5+ctrl	TAF5	TAF5	NA	False
TAF6+ctrl	TAF6	TAF6	NA	False
TAF6L+ctrl	TAF6L	TAF6L	NA	False
TAF7+ctrl	TAF7	TAF7	NA	False
TAF8+ctrl	TAF8	TAF8	NA	False
TAMM41+ctrl	TAMM41	TAMM41	NA	False
TANGO6+ctrl	TANGO6	TANGO6	NA	False
TARDBP+ctrl	TARDBP	TARDBP	NA	False
TARS+ctrl	TARS	TARS	NA	False
TBCB+ctrl	TBCB	TBCB	NA	False
TBCE+ctrl	TBCE	TBCE	NA	False
TBL3+ctrl	TBL3	TBL3	NA	False
TBP+ctrl	TBP	TBP	NA	False
TBPL1+ctrl	TBPL1	TBPL1	NA	False
TBX1+ctrl	TBX1	TBX1	NA	False
TCERG1+ctrl	TCERG1	TCERG1	NA	False
TCOF1+ctrl	TCOF1	TCOF1	NA	False
TCP1+ctrl	TCP1	TCP1	NA	False
TEFM+ctrl	TEFM	TEFM	NA	False
TELO2+ctrl	TELO2	TELO2	NA	False
TEN1+ctrl	TEN1	TEN1	NA	False
TERF2+ctrl	TERF2	TERF2	NA	False
TEX10+ctrl	TEX10	TEX10	NA	False
TFAM+ctrl	TFAM	TFAM	NA	False
TFDP1+ctrl	TFDP1	TFDP1	NA	False
TFIP11+ctrl	TFIP11	TFIP11	NA	False
TFRC+ctrl	TFRC	TFRC	NA	False
TGS1+ctrl	TGS1	TGS1	NA	False
THAP1+ctrl	THAP1	THAP1	NA	False
THAP11+ctrl	THAP11	THAP11	NA	False
THG1L+ctrl	THG1L	THG1L	NA	False
THOC1+ctrl	THOC1	THOC1	NA	False
THOC2+ctrl	THOC2	THOC2	NA	False
THOC3+ctrl	THOC3	THOC3	NA	False
THOC5+ctrl	THOC5	THOC5	NA	False
THOC6+ctrl	THOC6	THOC6	NA	False
THOC7+ctrl	THOC7	THOC7	NA	False
THRAP3+ctrl	THRAP3	THRAP3	NA	False
TICRR+ctrl	TICRR	TICRR	NA	False
TIMM10+ctrl	TIMM10	TIMM10	NA	False
TIMM13+ctrl	TIMM13	TIMM13	NA	False
TIMM22+ctrl	TIMM22	TIMM22	NA	False
TIMM23B+ctrl	TIMM23B	TIMM23B	NA	False
TIMM44+ctrl	TIMM44	TIMM44	NA	False
TIMM9+ctrl	TIMM9	TIMM9	NA	False
TINF2+ctrl	TINF2	TINF2	NA	False
TIPIN+ctrl	TIPIN	TIPIN	NA	False
TLN1+ctrl	TLN1	TLN1	NA	False
TMA16+ctrl	TMA16	TMA16	NA	False
TMED10+ctrl	TMED10	TMED10	NA	False
TMED2+ctrl	TMED2	TMED2	NA	False
TMEM161B+ctrl	TMEM161B	TMEM161B	NA	False
TMEM214+ctrl	TMEM214	TMEM214	NA	False
TMEM242+ctrl	TMEM242	TMEM242	NA	False
TMEM258+ctrl	TMEM258	TMEM258	NA	False
TMSB10+ctrl	TMSB10	TMSB10	NA	False
TMX2+ctrl	TMX2	TMX2	NA	False
TNPO3+ctrl	TNPO3	TNPO3	NA	False
TNRC6A+ctrl	TNRC6A	TNRC6A	NA	False
TOE1+ctrl	TOE1	TOE1	NA	False
TOMM20+ctrl	TOMM20	TOMM20	NA	False
TOMM22+ctrl	TOMM22	TOMM22	NA	False
TOMM40+ctrl	TOMM40	TOMM40	NA	False
TONSL+ctrl	TONSL	TONSL	NA	False
TOP1+ctrl	TOP1	TOP1	NA	False
TOP3A+ctrl	TOP3A	TOP3A	NA	False
TOX4+ctrl	TOX4	TOX4	NA	False
TP53I13+ctrl	TP53I13	TP53I13	NA	False
TP53RK+ctrl	TP53RK	TP53RK	NA	False
TPR+ctrl	TPR	TPR	NA	False
TPRKB+ctrl	TPRKB	TPRKB	NA	False
TPT1+ctrl	TPT1	TPT1	NA	False
TPX2+ctrl	TPX2	TPX2	NA	False
TRA2B+ctrl	TRA2B	TRA2B	NA	False
TRAIP+ctrl	TRAIP	TRAIP	NA	False
TRAPPC1+ctrl	TRAPPC1	TRAPPC1	NA	False
TRAPPC11+ctrl	TRAPPC11	TRAPPC11	NA	False
TRAPPC3+ctrl	TRAPPC3	TRAPPC3	NA	False
TRAPPC4+ctrl	TRAPPC4	TRAPPC4	NA	False
TRAPPC5+ctrl	TRAPPC5	TRAPPC5	NA	False
TRAPPC8+ctrl	TRAPPC8	TRAPPC8	NA	False
TREX2+ctrl	TREX2	TREX2	NA	False
TRIAP1+ctrl	TRIAP1	TRIAP1	NA	False
TRMT10C+ctrl	TRMT10C	TRMT10C	NA	False
TRMT112+ctrl	TRMT112	TRMT112	NA	False
TRMT5+ctrl	TRMT5	TRMT5	NA	False
TRMT6+ctrl	TRMT6	TRMT6	NA	False
TRNT1+ctrl	TRNT1	TRNT1	NA	False
TRPM7+ctrl	TRPM7	TRPM7	NA	False
TRRAP+ctrl	TRRAP	TRRAP	NA	False
TSEN2+ctrl	TSEN2	TSEN2	NA	False
TSEN54+ctrl	TSEN54	TSEN54	NA	False
TSG101+ctrl	TSG101	TSG101	NA	False
TSPYL5+ctrl	TSPYL5	TSPYL5	NA	False
TSR1+ctrl	TSR1	TSR1	NA	False
TSR2+ctrl	TSR2	TSR2	NA	False
TTC1+ctrl	TTC1	TTC1	NA	False
TTC27+ctrl	TTC27	TTC27	NA	False
TTC4+ctrl	TTC4	TTC4	NA	False
TTF2+ctrl	TTF2	TTF2	NA	False
TTI1+ctrl	TTI1	TTI1	NA	False
TTK+ctrl	TTK	TTK	NA	False
TUBA1B+ctrl	TUBA1B	TUBA1B	NA	False
TUBB+ctrl	TUBB	TUBB	NA	False
TUBB2A+ctrl	TUBB2A	TUBB2A	NA	False
TUBD1+ctrl	TUBD1	TUBD1	NA	False
TUBG1+ctrl	TUBG1	TUBG1	NA	False
TUBGCP2+ctrl	TUBGCP2	TUBGCP2	NA	False
TUBGCP3+ctrl	TUBGCP3	TUBGCP3	NA	False
TUBGCP4+ctrl	TUBGCP4	TUBGCP4	NA	False
TUBGCP5+ctrl	TUBGCP5	TUBGCP5	NA	False
TUBGCP6+ctrl	TUBGCP6	TUBGCP6	NA	False
TUT1+ctrl	TUT1	TUT1	NA	False
TWISTNB+ctrl	TWISTNB	TWISTNB	NA	False
TXN+ctrl	TXN	TXN	NA	False
TXNL4A+ctrl	TXNL4A	TXNL4A	NA	False
TXNL4B+ctrl	TXNL4B	TXNL4B	NA	False
TYK2+ctrl	TYK2	TYK2	NA	False
U2AF1+ctrl	U2AF1	U2AF1	NA	False
U2AF2+ctrl	U2AF2	U2AF2	NA	False
U2SURP+ctrl	U2SURP	U2SURP	NA	False
UBA1+ctrl	UBA1	UBA1	NA	False
UBA2+ctrl	UBA2	UBA2	NA	False
UBA3+ctrl	UBA3	UBA3	NA	False
UBA5+ctrl	UBA5	UBA5	NA	False
UBA52+ctrl	UBA52	UBA52	NA	False
UBAP1+ctrl	UBAP1	UBAP1	NA	False
UBE2H+ctrl	UBE2H	UBE2H	NA	False
UBE2I+ctrl	UBE2I	UBE2I	NA	False
UBE2L3+ctrl	UBE2L3	UBE2L3	NA	False
UBE2M+ctrl	UBE2M	UBE2M	NA	False
UBE2N+ctrl	UBE2N	UBE2N	NA	False
UBE3C+ctrl	UBE3C	UBE3C	NA	False
UBE3D+ctrl	UBE3D	UBE3D	NA	False
UBL5+ctrl	UBL5	UBL5	NA	False
UBQLN4+ctrl	UBQLN4	UBQLN4	NA	False
UBR4+ctrl	UBR4	UBR4	NA	False
UBR5+ctrl	UBR5	UBR5	NA	False
UBTF+ctrl	UBTF	UBTF	NA	False
UCHL5+ctrl	UCHL5	UCHL5	NA	False
UFL1+ctrl	UFL1	UFL1	NA	False
UFM1+ctrl	UFM1	UFM1	NA	False
UHRF1+ctrl	UHRF1	UHRF1	NA	False
UNC45A+ctrl	UNC45A	UNC45A	NA	False
UPF1+ctrl	UPF1	UPF1	NA	False
UPF2+ctrl	UPF2	UPF2	NA	False
UPF3A+ctrl	UPF3A	UPF3A	NA	False
UQCC2+ctrl	UQCC2	UQCC2	NA	False
UQCRB+ctrl	UQCRB	UQCRB	NA	False
UQCRC2+ctrl	UQCRC2	UQCRC2	NA	False
UQCRFS1+ctrl	UQCRFS1	UQCRFS1	NA	False
UQCRQ+ctrl	UQCRQ	UQCRQ	NA	False
URB1+ctrl	URB1	URB1	NA	False
URB2+ctrl	URB2	URB2	NA	False
URI1+ctrl	URI1	URI1	NA	False
URM1+ctrl	URM1	URM1	NA	False
UROD+ctrl	UROD	UROD	NA	False
USF2+ctrl	USF2	USF2	NA	False
USP10+ctrl	USP10	USP10	NA	False
USP14+ctrl	USP14	USP14	NA	False
USP36+ctrl	USP36	USP36	NA	False
USP39+ctrl	USP39	USP39	NA	False
USP5+ctrl	USP5	USP5	NA	False
USP7+ctrl	USP7	USP7	NA	False
USP8+ctrl	USP8	USP8	NA	False
USP9X+ctrl	USP9X	USP9X	NA	False
USPL1+ctrl	USPL1	USPL1	NA	False
UTP15+ctrl	UTP15	UTP15	NA	False
UTP18+ctrl	UTP18	UTP18	NA	False
UTP20+ctrl	UTP20	UTP20	NA	False
UTP23+ctrl	UTP23	UTP23	NA	False
UTP3+ctrl	UTP3	UTP3	NA	False
UTP6+ctrl	UTP6	UTP6	NA	False
UXT+ctrl	UXT	UXT	NA	False
VARS+ctrl	VARS	VARS	NA	False
VCP+ctrl	VCP	VCP	NA	False
VHL+ctrl	VHL	VHL	NA	False
VPS13D+ctrl	VPS13D	VPS13D	NA	False
VPS18+ctrl	VPS18	VPS18	NA	False
VPS25+ctrl	VPS25	VPS25	NA	False
VPS28+ctrl	VPS28	VPS28	NA	False
VPS29+ctrl	VPS29	VPS29	NA	False
VPS33A+ctrl	VPS33A	VPS33A	NA	False
VPS35+ctrl	VPS35	VPS35	NA	False
VPS41+ctrl	VPS41	VPS41	NA	False
VPS54+ctrl	VPS54	VPS54	NA	False
VPS72+ctrl	VPS72	VPS72	NA	False
WAC+ctrl	WAC	WAC	NA	False
WARS+ctrl	WARS	WARS	NA	False
WBP11+ctrl	WBP11	WBP11	NA	False
WDFY3+ctrl	WDFY3	WDFY3	NA	False
WDHD1+ctrl	WDHD1	WDHD1	NA	False
WDR1+ctrl	WDR1	WDR1	NA	False
WDR12+ctrl	WDR12	WDR12	NA	False
WDR18+ctrl	WDR18	WDR18	NA	False
WDR24+ctrl	WDR24	WDR24	NA	False
WDR25+ctrl	WDR25	WDR25	NA	False
WDR26+ctrl	WDR26	WDR26	NA	False
WDR3+ctrl	WDR3	WDR3	NA	False
WDR33+ctrl	WDR33	WDR33	NA	False
WDR36+ctrl	WDR36	WDR36	NA	False
WDR4+ctrl	WDR4	WDR4	NA	False
WDR43+ctrl	WDR43	WDR43	NA	False
WDR44+ctrl	WDR44	WDR44	NA	False
WDR46+ctrl	WDR46	WDR46	NA	False
WDR5+ctrl	WDR5	WDR5	NA	False
WDR55+ctrl	WDR55	WDR55	NA	False
WDR61+ctrl	WDR61	WDR61	NA	False
WDR70+ctrl	WDR70	WDR70	NA	False
WDR74+ctrl	WDR74	WDR74	NA	False
WDR75+ctrl	WDR75	WDR75	NA	False
WDR77+ctrl	WDR77	WDR77	NA	False
WDR82+ctrl	WDR82	WDR82	NA	False
WDTC1+ctrl	WDTC1	WDTC1	NA	False
WEE1+ctrl	WEE1	WEE1	NA	False
WNK1+ctrl	WNK1	WNK1	NA	False
WTAP+ctrl	WTAP	WTAP	NA	False
XAB2+ctrl	XAB2	XAB2	NA	False
XPO1+ctrl	XPO1	XPO1	NA	False
XPO5+ctrl	XPO5	XPO5	NA	False
XRCC3+ctrl	XRCC3	XRCC3	NA	False
XRCC5+ctrl	XRCC5	XRCC5	NA	False
XRCC6+ctrl	XRCC6	XRCC6	NA	False
XRN1+ctrl	XRN1	XRN1	NA	False
XRN2+ctrl	XRN2	XRN2	NA	False
YAE1+ctrl	YAE1	YAE1	NA	False
YARS+ctrl	YARS	YARS	NA	False
YBX1+ctrl	YBX1	YBX1	NA	False
YBX3+ctrl	YBX3	YBX3	NA	False
YEATS2+ctrl	YEATS2	YEATS2	NA	False
YEATS4+ctrl	YEATS4	YEATS4	NA	False
YJEFN3+ctrl	YJEFN3	YJEFN3	NA	False
YKT6+ctrl	YKT6	YKT6	NA	False
YPEL5+ctrl	YPEL5	YPEL5	NA	False
YTHDC1+ctrl	YTHDC1	YTHDC1	NA	False
YY1+ctrl	YY1	YY1	NA	False
ZBTB14+ctrl	ZBTB14	ZBTB14	NA	False
ZBTB17+ctrl	ZBTB17	ZBTB17	NA	False
ZBTB44+ctrl	ZBTB44	ZBTB44	NA	False
ZC3H13+ctrl	ZC3H13	ZC3H13	NA	False
ZC3H18+ctrl	ZC3H18	ZC3H18	NA	False
ZC3H3+ctrl	ZC3H3	ZC3H3	NA	False
ZC3H4+ctrl	ZC3H4	ZC3H4	NA	False
ZCCHC9+ctrl	ZCCHC9	ZCCHC9	NA	False
ZCRB1+ctrl	ZCRB1	ZCRB1	NA	False
ZDHHC7+ctrl	ZDHHC7	ZDHHC7	NA	False
ZFC3H1+ctrl	ZFC3H1	ZFC3H1	NA	False
ZFR+ctrl	ZFR	ZFR	NA	False
ZMAT2+ctrl	ZMAT2	ZMAT2	NA	False
ZMAT5+ctrl	ZMAT5	ZMAT5	NA	False
ZNF143+ctrl	ZNF143	ZNF143	NA	False
ZNF207+ctrl	ZNF207	ZNF207	NA	False
ZNF236+ctrl	ZNF236	ZNF236	NA	False
ZNF292+ctrl	ZNF292	ZNF292	NA	False
ZNF335+ctrl	ZNF335	ZNF335	NA	False
ZNF559+ctrl	ZNF559	ZNF559	NA	False
ZNF574+ctrl	ZNF574	ZNF574	NA	False
ZNF718+ctrl	ZNF718	ZNF718	NA	False
ZNF720+ctrl	ZNF720	ZNF720	NA	False
ZNF787+ctrl	ZNF787	ZNF787	NA	False
ZNF84+ctrl	ZNF84	ZNF84	NA	False
ZNHIT1+ctrl	ZNHIT1	ZNHIT1	NA	False
ZNHIT2+ctrl	ZNHIT2	ZNHIT2	NA	False
ZNHIT3+ctrl	ZNHIT3	ZNHIT3	NA	False
ZNHIT6+ctrl	ZNHIT6	ZNHIT6	NA	False
ZNRD1+ctrl	ZNRD1	ZNRD1	NA	False
ZRSR2+ctrl	ZRSR2	ZRSR2	NA	False
ZW10+ctrl	ZW10	ZW10	NA	False
ZWINT+ctrl	ZWINT	ZWINT	NA	False
ctrl	ctrl	NA	NA	True
