run_id,space,perturbation,true_target_rank,top_match,top_match_similarity,true_target_similarity,is_confused
S1_norman_l1,audit_delta,AHR+KLF1,48,FOXA1+HOXB9,0.7497607642137899,0.17704089321941868,True
S1_norman_l1,audit_delta,ATL1,2,CBFA2T3+PRDM1,0.7642908837070838,0.7585604940943727,True
S1_norman_l1,audit_delta,BAK1,49,ATL1,0.8011594406913217,0.023788396754772026,True
S1_norman_l1,audit_delta,BAK1+BCL2L11,45,ATL1,0.8224777908474139,0.07226907438766227,True
S1_norman_l1,audit_delta,BCL2L11+TGFBR2,33,CBFA2T3+PRDM1,0.7819728824470702,0.36256543702311833,True
S1_norman_l1,audit_delta,BPGM,27,ATL1,0.8267185418379642,0.5718162174379064,True
S1_norman_l1,audit_delta,C19ORF26,25,ATL1,0.7880975395338053,0.594176057841243,True
S1_norman_l1,audit_delta,CBFA2T3+POU3F2,17,ATL1,0.761327827144958,0.6214420912416307,True
S1_norman_l1,audit_delta,CBFA2T3+PRDM1,9,ATL1,0.81785697430328,0.7333526391511225,True
S1_norman_l1,audit_delta,CBL+TGFBR2,20,CBFA2T3+PRDM1,0.7671771906696014,0.5642271968782943,True
S1_norman_l1,audit_delta,CBL+UBASH3A,14,HOXC13,0.7129159516319464,0.5768343424049386,True
S1_norman_l1,audit_delta,CBL+UBASH3B,3,ATL1,0.7974866428444118,0.7740372285646206,True
S1_norman_l1,audit_delta,CDKN1A,14,FOXA1+HOXB9,0.7596916676661918,0.5706192617972818,True
S1_norman_l1,audit_delta,CDKN1B,9,ATL1,0.8069480202749421,0.7305673189621312,True
S1_norman_l1,audit_delta,CDKN1B+CDKN1C,11,FOXA1+HOXB9,0.7540826684912356,0.5967102509446651,True
S1_norman_l1,audit_delta,CEBPA,39,ATL1,0.8164200557352926,0.20518697756720505,True
S1_norman_l1,audit_delta,CEBPA+CEBPB,41,CBL+UBASH3B,0.6104083929261065,0.1662931855590527,True
S1_norman_l1,audit_delta,CEBPA+KLF1,29,FOXA1+HOXB9,0.8158085078180366,0.4046823617789203,True
S1_norman_l1,audit_delta,CEBPB,31,FOXA1+HOXB9,0.7853860237496212,0.4469764979761821,True
S1_norman_l1,audit_delta,CEBPB+FOSB,38,ATL1,0.6888933832169615,0.16902564825305877,True
S1_norman_l1,audit_delta,CEBPE+ETS2,47,ATL1,0.8062283075426476,0.048422141732884505,True
S1_norman_l1,audit_delta,CEBPE+SET,44,ATL1,0.7993018802608476,0.10594875351211457,True
S1_norman_l1,audit_delta,CEBPE+SPI1,37,ATL1,0.8419099258751022,0.2402986412808949,True
S1_norman_l1,audit_delta,CLDN6,7,ATL1,0.8429535203194032,0.7476697048401625,True
S1_norman_l1,audit_delta,CNN1+ETS2,29,ATL1,0.7796270432464709,0.5105670380757253,True
S1_norman_l1,audit_delta,CNN1+UBASH3B,9,ATL1,0.8271049625642736,0.7173338133347794,True
S1_norman_l1,audit_delta,COL2A1,45,CBFA2T3+PRDM1,0.8044737014112109,0.05997142916181315,True
S1_norman_l1,audit_delta,DUSP9,18,CBL+UBASH3B,0.7980618798133574,0.6758955612079635,True
S1_norman_l1,audit_delta,DUSP9+KLF1,22,CBFA2T3+PRDM1,0.7929963502526364,0.5990520422359474,True
S1_norman_l1,audit_delta,ELMSAN1+MAP2K3,53,ATL1,0.8249996930729516,-0.07056885073829439,True
S1_norman_l1,audit_delta,FOSB,49,CBFA2T3+PRDM1,0.7735605231495051,0.05193718166428515,True
S1_norman_l1,audit_delta,FOXA1,19,ATL1,0.783125200710332,0.6431069337945713,True
S1_norman_l1,audit_delta,FOXA1+HOXB9,10,CBFA2T3+PRDM1,0.7844723765690806,0.6907381715361912,True
S1_norman_l1,audit_delta,HK2,32,ATL1,0.8281092191541152,0.4505191931547114,True
S1_norman_l1,audit_delta,HOXB9,31,ATL1,0.8335630707400812,0.4747889226918563,True
S1_norman_l1,audit_delta,HOXC13,7,CBFA2T3+PRDM1,0.7978086718491801,0.7419599792386139,True
S1_norman_l1,audit_delta,IGDCC3,13,ATL1,0.8216817119663966,0.701920543950257,True
S1_norman_l1,audit_delta,IGDCC3+ZBTB25,4,CBL+UBASH3B,0.7934687977200278,0.7608839054337931,True
S1_norman_l1,audit_delta,KIF2C,39,CBFA2T3+PRDM1,0.7757874497114163,0.28995485372122054,True
S1_norman_l1,audit_delta,KLF1+MAP2K6,40,ATL1,0.8430736629522216,0.24314786147692222,True
S1_norman_l1,audit_delta,KMT2A,30,ATL1,0.7897082494571023,0.479332196557052,True
S1_norman_l1,audit_delta,MAML2,52,ATL1,0.7897574508537941,-0.17432946164346358,True
S1_norman_l1,audit_delta,MAP4K3,20,ATL1,0.8395737782423613,0.6445586552532356,True
S1_norman_l1,audit_delta,OSR2,44,FOXA1+HOXB9,0.7691320120313558,0.2232404805202214,True
S1_norman_l1,audit_delta,PTPN12+ZBTB25,9,ATL1,0.8204481260037473,0.7127574982860145,True
S1_norman_l1,audit_delta,PTPN13,18,FOXA1+HOXB9,0.7811394150110362,0.5316253479286575,True
S1_norman_l1,audit_delta,RUNX1T1,50,CBFA2T3+PRDM1,0.799612103050579,0.014607537778105485,True
S1_norman_l1,audit_delta,S1PR2,23,ATL1,0.8031074872467548,0.6107032267674246,True
S1_norman_l1,audit_delta,SET,41,CBFA2T3+PRDM1,0.7995089971207007,0.24411681240617497,True
S1_norman_l1,audit_delta,SGK1,4,CBFA2T3+PRDM1,0.8135091807466216,0.7498498302520139,True
S1_norman_l1,audit_delta,SLC4A1,42,CBFA2T3+PRDM1,0.7969397157046753,0.2370489530808298,True
S1_norman_l1,audit_delta,TP73,3,FOXA1+HOXB9,0.7815151671667347,0.7603871106884713,True
S1_norman_l1,audit_delta,UBASH3B,19,ATL1,0.8455761333966869,0.6907561019970656,True
S1_norman_l1,gears_raw,AHR+KLF1,47,FOXA1+HOXB9,0.7643913413734058,0.11716267216826366,True
S1_norman_l1,gears_raw,ATL1,5,CBFA2T3+PRDM1,0.7725346034903618,0.7239418123999609,True
S1_norman_l1,gears_raw,BAK1,51,ATL1,0.7779602548195386,-0.014525045256413969,True
S1_norman_l1,gears_raw,BAK1+BCL2L11,49,ATL1,0.7983966521506805,0.017231287689820927,True
S1_norman_l1,gears_raw,BCL2L11+TGFBR2,39,CBFA2T3+PRDM1,0.7829165485577886,0.2886531780879383,True
S1_norman_l1,gears_raw,BPGM,29,ATL1,0.7983980071223195,0.5191633859153072,True
S1_norman_l1,gears_raw,C19ORF26,27,CBFA2T3+PRDM1,0.7834803506941208,0.5392838539476793,True
S1_norman_l1,gears_raw,CBFA2T3+POU3F2,7,HOXC13,0.7443225355477494,0.672976129473055,True
S1_norman_l1,gears_raw,CBFA2T3+PRDM1,4,ATL1,0.8025562770776735,0.7524431302556327,True
S1_norman_l1,gears_raw,CBL+TGFBR2,29,FOXA1+HOXB9,0.76091913778507,0.47491132665340535,True
S1_norman_l1,gears_raw,CBL+UBASH3A,15,FOXA1+HOXB9,0.733382502743002,0.5267308114722565,True
S1_norman_l1,gears_raw,CBL+UBASH3B,6,CBFA2T3+PRDM1,0.7893434735254176,0.7218696044729829,True
S1_norman_l1,gears_raw,CDKN1A,16,FOXA1+HOXB9,0.7801273492159867,0.5382957948975923,True
S1_norman_l1,gears_raw,CDKN1B,9,ATL1,0.778117084502038,0.7189292500049385,True
S1_norman_l1,gears_raw,CDKN1B+CDKN1C,10,FOXA1+HOXB9,0.7725857842474042,0.5690951756065373,True
S1_norman_l1,gears_raw,CEBPA,35,ATL1,0.7981982003868554,0.3100198753077534,True
S1_norman_l1,gears_raw,CEBPA+CEBPB,38,IGDCC3+ZBTB25,0.5716067840257347,0.24264930632038084,True
S1_norman_l1,gears_raw,CEBPA+KLF1,18,FOXA1+HOXB9,0.8281160222606344,0.46702101784050737,True
S1_norman_l1,gears_raw,CEBPB,20,FOXA1+HOXB9,0.81244485770543,0.5201925471343242,True
S1_norman_l1,gears_raw,CEBPB+FOSB,35,ATL1,0.6506025768180307,0.2839147337044125,True
S1_norman_l1,gears_raw,CEBPE+ETS2,47,CBFA2T3+PRDM1,0.8123862125280783,0.13051390336692237,True
S1_norman_l1,gears_raw,CEBPE+SET,43,CBFA2T3+PRDM1,0.7948991574110386,0.1722190380489148,True
S1_norman_l1,gears_raw,CEBPE+SPI1,33,ATL1,0.8242112958227255,0.3211714576157667,True
S1_norman_l1,gears_raw,CLDN6,8,ATL1,0.8221590386981595,0.7246427303010771,True
S1_norman_l1,gears_raw,CNN1+ETS2,28,FOXA1+HOXB9,0.8082977381383466,0.4849675416232897,True
S1_norman_l1,gears_raw,CNN1+UBASH3B,17,CBFA2T3+PRDM1,0.7955852599368273,0.6568569062155959,True
S1_norman_l1,gears_raw,COL2A1,45,CBFA2T3+PRDM1,0.8117050333551435,0.10242822352046714,True
S1_norman_l1,gears_raw,DUSP9,20,CBFA2T3+PRDM1,0.7873969274005956,0.6392019750310769,True
S1_norman_l1,gears_raw,DUSP9+KLF1,28,CBFA2T3+PRDM1,0.8014357533758208,0.5238465078817167,True
S1_norman_l1,gears_raw,ELMSAN1+MAP2K3,53,CBFA2T3+PRDM1,0.8068183591125327,-0.11690454576437277,True
S1_norman_l1,gears_raw,FOSB,48,FOXA1+HOXB9,0.8129803726723491,0.14639864005060177,True
S1_norman_l1,gears_raw,FOXA1,14,CBFA2T3+PRDM1,0.7612441354006152,0.6415881540260802,True
S1_norman_l1,gears_raw,FOXA1+HOXB9,4,CBFA2T3+PRDM1,0.7916464985363699,0.7334359588934322,True
S1_norman_l1,gears_raw,HK2,31,ATL1,0.810731044729721,0.4486026535939235,True
S1_norman_l1,gears_raw,HOXB9,27,ATL1,0.813788265445467,0.5397979248537311,True
S1_norman_l1,gears_raw,HOXC13,4,CBFA2T3+PRDM1,0.7947795135956324,0.7560867012427831,True
S1_norman_l1,gears_raw,IGDCC3,16,ATL1,0.7926309059232105,0.6749537771697129,True
S1_norman_l1,gears_raw,IGDCC3+ZBTB25,5,ATL1,0.7732390749055271,0.7433307628615081,True
S1_norman_l1,gears_raw,KIF2C,40,CBFA2T3+PRDM1,0.7749013769209321,0.298208394528263,True
S1_norman_l1,gears_raw,KLF1+MAP2K6,42,ATL1,0.8230462812534342,0.1802366513499129,True
S1_norman_l1,gears_raw,KMT2A,30,CBFA2T3+PRDM1,0.7815734257167638,0.46198432846638277,True
S1_norman_l1,gears_raw,MAML2,52,FOXA1+HOXB9,0.7878702248882595,-0.21364101526075285,True
S1_norman_l1,gears_raw,MAP4K3,21,ATL1,0.8073731595599891,0.6201906367936652,True
S1_norman_l1,gears_raw,OSR2,42,FOXA1+HOXB9,0.7934311830644768,0.2911786343458017,True
S1_norman_l1,gears_raw,PTPN12+ZBTB25,17,CBFA2T3+PRDM1,0.8008930588308499,0.6652335712581559,True
S1_norman_l1,gears_raw,PTPN13,19,FOXA1+HOXB9,0.8036211069719387,0.5341101254855205,True
S1_norman_l1,gears_raw,RUNX1T1,49,CBFA2T3+PRDM1,0.8090746936846845,0.07452452200317107,True
S1_norman_l1,gears_raw,S1PR2,23,CBFA2T3+PRDM1,0.7781128146823502,0.582607030401876,True
S1_norman_l1,gears_raw,SET,41,CBFA2T3+PRDM1,0.7998448367662115,0.251552720820137,True
S1_norman_l1,gears_raw,SGK1,7,CBFA2T3+PRDM1,0.8121137912725005,0.7352224539571561,True
S1_norman_l1,gears_raw,SLC4A1,41,FOXA1+HOXB9,0.8056650044403442,0.253720194434687,True
S1_norman_l1,gears_raw,TP73,2,FOXA1+HOXB9,0.8070014314786175,0.7651896516675939,True
S1_norman_l1,gears_raw,UBASH3B,21,ATL1,0.8283967718994465,0.6589944559305695,True
S2_norman_l2,audit_delta,BCL2L11,27,HOXA13,0.7898835811720948,0.1221237873201809,True
S2_norman_l2,audit_delta,BCL2L11+TGFBR2,25,HOXA13,0.7746459458038039,0.12982507549317185,True
S2_norman_l2,audit_delta,BCORL1,15,HOXA13,0.8221693071522304,0.3780889370983943,True
S2_norman_l2,audit_delta,C19ORF26,12,HOXA13,0.8162468147546035,0.48019907978918097,True
S2_norman_l2,audit_delta,C19ORF26+TGFBR2,10,HOXA13,0.7778522421811088,0.5515613171275461,True
S2_norman_l2,audit_delta,CEBPB,8,HOXA13,0.8358614903910746,0.6083053802755272,True
S2_norman_l2,audit_delta,CEBPB+CEBPE,9,HOXA13,0.8186162893617368,0.5156459062721539,True
S2_norman_l2,audit_delta,CEBPB+MAPK1,14,HOXA13,0.8314791501797429,0.41753692510512136,True
S2_norman_l2,audit_delta,CEBPE,12,HOXA13,0.8194916711035434,0.4768164696256028,True
S2_norman_l2,audit_delta,CEBPE+SET,21,HOXA13,0.8299140291233547,0.2731395543891838,True
S2_norman_l2,audit_delta,CEBPE+SPI1,6,HOXA13,0.7828524779698162,0.6053966685606736,True
S2_norman_l2,audit_delta,CITED1,3,HOXA13,0.8017812109267383,0.7406038790562793,True
S2_norman_l2,audit_delta,CKS1B,11,HOXA13,0.7698577263391008,0.4704212733021559,True
S2_norman_l2,audit_delta,FOXA1,5,HOXA13,0.825230335248077,0.6363796564303351,True
S2_norman_l2,audit_delta,HOXA13,1,HOXA13,0.7941844776955381,0.7941844776955381,False
S2_norman_l2,audit_delta,HOXC13,2,HOXA13,0.8001158141579852,0.7943759827131651,True
S2_norman_l2,audit_delta,IRF1,23,HOXA13,0.7770232680256759,0.2189413456300323,True
S2_norman_l2,audit_delta,IRF1+SET,20,HOXA13,0.7738149717378074,0.3037815663497103,True
S2_norman_l2,audit_delta,KIF2C,17,HOXA13,0.8243005985186695,0.32722981217826635,True
S2_norman_l2,audit_delta,MAP4K5,13,HOXA13,0.8069359675659136,0.445794914017753,True
S2_norman_l2,audit_delta,MAP7D1,28,HOXA13,0.8094731008790976,0.008985802864175971,True
S2_norman_l2,audit_delta,MAPK1,24,HOXA13,0.806052713063462,0.19981624008764587,True
S2_norman_l2,audit_delta,MAPK1+TGFBR2,24,HOXA13,0.8112619966350868,0.2023228103685333,True
S2_norman_l2,audit_delta,NCL,22,HOXA13,0.8207491435840758,0.26721275444033116,True
S2_norman_l2,audit_delta,SET,18,HOXA13,0.8257144193147901,0.3378275020085636,True
S2_norman_l2,audit_delta,SPI1,4,HOXA13,0.8186940786056245,0.6800580568099966,True
S2_norman_l2,audit_delta,TGFBR2,27,HOXA13,0.821605950535973,0.050461993365534016,True
S2_norman_l2,audit_delta,ZBTB25,16,HOXA13,0.8089192215537963,0.3271842029679905,True
S2_norman_l2,gears_raw,BCL2L11,25,HOXA13,0.7909418005739053,0.16756944848689143,True
S2_norman_l2,gears_raw,BCL2L11+TGFBR2,22,HOXA13,0.7816097440791379,0.2263063744616882,True
S2_norman_l2,gears_raw,BCORL1,15,HOXA13,0.82845453838434,0.3826773760704076,True
S2_norman_l2,gears_raw,C19ORF26,9,HOXA13,0.8042081239058706,0.5159163807593484,True
S2_norman_l2,gears_raw,C19ORF26+TGFBR2,6,HOXA13,0.7883723924225244,0.6260367760631059,True
S2_norman_l2,gears_raw,CEBPB,9,HOXA13,0.8416322179641712,0.5557415022635815,True
S2_norman_l2,gears_raw,CEBPB+CEBPE,12,HOXA13,0.8188414179756963,0.4583275502427674,True
S2_norman_l2,gears_raw,CEBPB+MAPK1,16,HOXA13,0.8354263322736805,0.3693887897635918,True
S2_norman_l2,gears_raw,CEBPE,14,HOXA13,0.8170788103056212,0.40418892773690884,True
S2_norman_l2,gears_raw,CEBPE+SET,21,HOXA13,0.8218359843953416,0.2510708108958731,True
S2_norman_l2,gears_raw,CEBPE+SPI1,7,HOXA13,0.7823514348394174,0.5466907354001526,True
S2_norman_l2,gears_raw,CITED1,3,HOXA13,0.8037944832290195,0.7445900501382635,True
S2_norman_l2,gears_raw,CKS1B,10,HOXA13,0.7698936655713764,0.5192848782128805,True
S2_norman_l2,gears_raw,FOXA1,6,HOXA13,0.8269614414156654,0.6712883909456263,True
S2_norman_l2,gears_raw,HOXA13,1,HOXA13,0.7891474681990658,0.7891474681990658,False
S2_norman_l2,gears_raw,HOXC13,1,HOXC13,0.7910932854495495,0.7910932854495495,False
S2_norman_l2,gears_raw,IRF1,23,HOXA13,0.7696543547476312,0.20701631587324984,True
S2_norman_l2,gears_raw,IRF1+SET,20,HOXC13,0.7865359282500385,0.3114158683199454,True
S2_norman_l2,gears_raw,KIF2C,16,HOXA13,0.8215666585699938,0.3659922164373281,True
S2_norman_l2,gears_raw,MAP4K5,11,HOXA13,0.7973853034965185,0.5066385514943923,True
S2_norman_l2,gears_raw,MAP7D1,28,HOXA13,0.8005947731117882,-0.02917639777845782,True
S2_norman_l2,gears_raw,MAPK1,26,HOXA13,0.8014449871376255,0.16189015145835378,True
S2_norman_l2,gears_raw,MAPK1+TGFBR2,26,HOXA13,0.8015044242751452,0.17933337282658848,True
S2_norman_l2,gears_raw,NCL,21,HOXA13,0.8217263012062465,0.31216837332599817,True
S2_norman_l2,gears_raw,SET,17,HOXC13,0.8212369861305329,0.3595850122273617,True
S2_norman_l2,gears_raw,SPI1,5,HOXA13,0.8287563659917331,0.6720170164811587,True
S2_norman_l2,gears_raw,TGFBR2,27,HOXA13,0.8260393059069671,0.11922858040998736,True
S2_norman_l2,gears_raw,ZBTB25,14,HOXA13,0.8133490993010793,0.41375558876489826,True
S3_replogle_k562_rl1,audit_delta,ABCE1,6,SNRPG,0.5882334507965922,0.5365714865329456,True
S3_replogle_k562_rl1,audit_delta,ACTR6,216,SPC25,0.5414558938725299,-0.07246987122624454,True
S3_replogle_k562_rl1,audit_delta,ACTR8,182,SPC25,0.6048346616661641,0.1336368376003513,True
S3_replogle_k562_rl1,audit_delta,ALG13,173,SPC25,0.6357003206329304,0.17158241310244282,True
S3_replogle_k562_rl1,audit_delta,ARCN1,16,SNRPG,0.6172360886291464,0.4949659773595115,True
S3_replogle_k562_rl1,audit_delta,ATP6AP1,94,SPC25,0.5937668090798068,0.3223044125615301,True
S3_replogle_k562_rl1,audit_delta,ATP6V1A,154,SPC25,0.5065221854873516,0.1720533814460983,True
S3_replogle_k562_rl1,audit_delta,BRIX1,28,SPC25,0.5783254238685241,0.4318729595230026,True
S3_replogle_k562_rl1,audit_delta,CCNH,138,RPL12,0.5222474506117272,0.20515472653099406,True
S3_replogle_k562_rl1,audit_delta,CCNK,200,SPC25,0.6339869210271235,0.08011291513447998,True
S3_replogle_k562_rl1,audit_delta,CCT3,75,SNRPG,0.553739256376976,0.325667489142707,True
S3_replogle_k562_rl1,audit_delta,CCT5,84,SPC25,0.5310878482884199,0.27924089125576523,True
S3_replogle_k562_rl1,audit_delta,CCT7,61,SNRPG,0.562693069451086,0.35368033054067605,True
S3_replogle_k562_rl1,audit_delta,CDC73,140,RPL12,0.5669497046775848,0.2306961282700947,True
S3_replogle_k562_rl1,audit_delta,CENPJ,47,SNRPG,0.6158898745093898,0.4223034619108423,True
S3_replogle_k562_rl1,audit_delta,CHMP3,41,RPL12,0.4852643998170972,0.3521840602370026,True
S3_replogle_k562_rl1,audit_delta,CIAPIN1,65,SNRPG,0.5673826179764239,0.35573536566602804,True
S3_replogle_k562_rl1,audit_delta,CKAP5,109,SNRPG,0.5439007959472401,0.2538716988776871,True
S3_replogle_k562_rl1,audit_delta,CNIH4,170,SPC25,0.4886546613861302,0.13131497136031994,True
S3_replogle_k562_rl1,audit_delta,CPSF1,116,SPC25,0.49248109662262285,0.18817841937841928,True
S3_replogle_k562_rl1,audit_delta,CPSF6,163,RPL12,0.38001071623892513,0.11856889742637497,True
S3_replogle_k562_rl1,audit_delta,CXXC1,112,SPC25,0.6307996846122592,0.25878394433615026,True
S3_replogle_k562_rl1,audit_delta,CYCS,161,SPC25,0.613320692503754,0.18661605325808894,True
S3_replogle_k562_rl1,audit_delta,DBR1,188,SPC25,0.5524503207825001,0.11795186870055316,True
S3_replogle_k562_rl1,audit_delta,DDB1,61,SNRPG,0.5344269600042146,0.31859667356192406,True
S3_replogle_k562_rl1,audit_delta,DDX24,31,SNRPG,0.600333404459618,0.442188000197662,True
S3_replogle_k562_rl1,audit_delta,DDX46,51,SPC25,0.5855772476746571,0.3993531144539027,True
S3_replogle_k562_rl1,audit_delta,DDX47,109,SNRPG,0.6302185191699758,0.2747567258417532,True
S3_replogle_k562_rl1,audit_delta,DHODH,206,RPL12,0.5382723951454779,0.06115348633004856,True
S3_replogle_k562_rl1,audit_delta,DHX33,104,SNRPG,0.5428686700124471,0.25873565512200986,True
S3_replogle_k562_rl1,audit_delta,DICER1,159,RPL12,0.52192906067456,0.16927561472038508,True
S3_replogle_k562_rl1,audit_delta,DNTTIP2,94,SPC25,0.6062016282276277,0.33271727182568556,True
S3_replogle_k562_rl1,audit_delta,DYNC1H1,14,SNRPG,0.6336748918815527,0.5231892233104458,True
S3_replogle_k562_rl1,audit_delta,DYNLL1,179,SPC25,0.5108412598976628,0.12255790589413525,True
S3_replogle_k562_rl1,audit_delta,EEF1G,113,SNRPG,0.5866484206993775,0.25925048111838,True
S3_replogle_k562_rl1,audit_delta,EIF2S2,39,SPC25,0.5009419041948876,0.36693787403718203,True
S3_replogle_k562_rl1,audit_delta,EIF3E,114,RPL12,0.53129440556353,0.2482549055100737,True
S3_replogle_k562_rl1,audit_delta,EIF3I,48,SPC25,0.4418825319023458,0.291095665356,True
S3_replogle_k562_rl1,audit_delta,ERCC2,166,SNRPG,0.5402027347398083,0.1453687000839088,True
S3_replogle_k562_rl1,audit_delta,EXOSC8,104,RPL12,0.5085017331013534,0.2674252544402049,True
S3_replogle_k562_rl1,audit_delta,EXOSC9,114,RPL12,0.3452394694377815,0.15097614685102884,True
S3_replogle_k562_rl1,audit_delta,FAM136A,51,SNRPD1,0.435118035331558,0.27136597412394003,True
S3_replogle_k562_rl1,audit_delta,FAM32A,42,SPC25,0.6154274140507187,0.45269481887072865,True
S3_replogle_k562_rl1,audit_delta,FASTKD5,209,SPC25,0.6365003630328804,0.04640075748649048,True
S3_replogle_k562_rl1,audit_delta,FBXO5,198,SNRPG,0.6103575705250329,0.08081278723531897,True
S3_replogle_k562_rl1,audit_delta,GATA1,44,SPC25,0.5998080030394731,0.40829094619456663,True
S3_replogle_k562_rl1,audit_delta,GINS2,76,SNRPG,0.5831451518948155,0.337314344467623,True
S3_replogle_k562_rl1,audit_delta,GINS3,125,SPC25,0.5971639361900135,0.24127617169030752,True
S3_replogle_k562_rl1,audit_delta,GINS4,87,RPL12,0.5063173125423338,0.28366052241161954,True
S3_replogle_k562_rl1,audit_delta,GPS1,103,SNRPG,0.5914391899564627,0.30436073502498906,True
S3_replogle_k562_rl1,audit_delta,GRB2,186,SPC25,0.5164053491118951,0.1057595923442402,True
S3_replogle_k562_rl1,audit_delta,GTF3C3,178,SNRPG,0.5754616962693858,0.1308421978430436,True
S3_replogle_k562_rl1,audit_delta,HARS,26,RPL12,0.5989360252618928,0.4724552701095177,True
S3_replogle_k562_rl1,audit_delta,HNRNPC,46,SNRPG,0.6259176445656117,0.4401282324974299,True
S3_replogle_k562_rl1,audit_delta,HSCB,119,SPC25,0.5825946906243712,0.24670930568320004,True
S3_replogle_k562_rl1,audit_delta,HSF1,203,SPC25,0.5460651654086409,0.057509465408711956,True
S3_replogle_k562_rl1,audit_delta,HUWE1,152,SPC25,0.5603690145870242,0.17935890249970415,True
S3_replogle_k562_rl1,audit_delta,HYPK,128,SNRPG,0.5287641034087699,0.21405214699582772,True
S3_replogle_k562_rl1,audit_delta,ICE1,39,SNRPG,0.6141296475795419,0.44533706286081615,True
S3_replogle_k562_rl1,audit_delta,INTS5,87,SNRPG,0.49878881826709515,0.24968084003731372,True
S3_replogle_k562_rl1,audit_delta,ISG20L2,145,SPC25,0.5430943013584479,0.179542583002164,True
S3_replogle_k562_rl1,audit_delta,JAZF1,143,SNRPG,0.625701718701462,0.23625197793759448,True
S3_replogle_k562_rl1,audit_delta,KIF20A,124,SPC25,0.5178868299645457,0.2259040257519825,True
S3_replogle_k562_rl1,audit_delta,KPNB1,42,SPC25,0.6197628564567577,0.43728162424466505,True
S3_replogle_k562_rl1,audit_delta,KRR1,144,SNRPG,0.6258804685435064,0.22309066352304427,True
S3_replogle_k562_rl1,audit_delta,LAMTOR2,144,RPL12,0.46350241868982717,0.17766795506666624,True
S3_replogle_k562_rl1,audit_delta,LAS1L,112,SNRPG,0.4469594766484134,0.19858375818255528,True
S3_replogle_k562_rl1,audit_delta,LTV1,89,SNRPG,0.5624059583248624,0.30527157830938717,True
S3_replogle_k562_rl1,audit_delta,MAGOH,38,SNRPG,0.5833727412990203,0.40624744684077974,True
S3_replogle_k562_rl1,audit_delta,MCM6,184,SPC25,0.4831026442477393,0.11623168488794575,True
S3_replogle_k562_rl1,audit_delta,MCMBP,148,SNRPG,0.5605231866401509,0.18054805982317362,True
S3_replogle_k562_rl1,audit_delta,MDN1,133,SPC25,0.45606753539976186,0.1886301373232969,True
S3_replogle_k562_rl1,audit_delta,MED10,34,SNRPG,0.6215025115193958,0.46406853459995884,True
S3_replogle_k562_rl1,audit_delta,MED12,15,SNRPG,0.6160722245755089,0.5165143976209473,True
S3_replogle_k562_rl1,audit_delta,MIOS,150,SPC25,0.6072516472576178,0.21566544601201956,True
S3_replogle_k562_rl1,audit_delta,MRPL4,157,SNRPG,0.5500232007250118,0.1778869839809607,True
S3_replogle_k562_rl1,audit_delta,MRPL41,128,SNRPG,0.43989420246411326,0.17260113746037062,True
S3_replogle_k562_rl1,audit_delta,MRPL43,144,SPC25,0.5752651217433091,0.1938993782120272,True
S3_replogle_k562_rl1,audit_delta,MRPL49,121,RPL12,0.3321005830031012,0.15233885396618232,True
S3_replogle_k562_rl1,audit_delta,MRPS22,181,RPL12,0.49997691382768095,0.12737896557684592,True
S3_replogle_k562_rl1,audit_delta,MRPS26,154,SNRPG,0.552679707596738,0.1762061020728027,True
S3_replogle_k562_rl1,audit_delta,MRPS34,119,SNRPG,0.5903403572842129,0.2453887562951521,True
S3_replogle_k562_rl1,audit_delta,N6AMT1,215,SPC25,0.6397194007346659,-0.05616238539131867,True
S3_replogle_k562_rl1,audit_delta,NAA15,114,SNRPG,0.5483531766887508,0.2387722267975131,True
S3_replogle_k562_rl1,audit_delta,NAA20,144,SNRPG,0.5654353983107271,0.2069122747944632,True
S3_replogle_k562_rl1,audit_delta,NAT10,200,PHB2,0.36466891353735,0.02908751042558736,True
S3_replogle_k562_rl1,audit_delta,NCBP1,170,RPL12,0.35852074592473115,0.10612789671139665,True
S3_replogle_k562_rl1,audit_delta,NDC80,12,SNRPG,0.6085206101485694,0.5156507923005637,True
S3_replogle_k562_rl1,audit_delta,NDUFA8,192,SPC25,0.581184463135987,0.1062457410835743,True
S3_replogle_k562_rl1,audit_delta,NDUFB10,191,SPC25,0.5957381952383718,0.10376879856756017,True
S3_replogle_k562_rl1,audit_delta,NEDD8,176,SNRPG,0.53347513879117,0.1418270678300572,True
S3_replogle_k562_rl1,audit_delta,NELFB,76,SPC25,0.627054314937465,0.3505673408658461,True
S3_replogle_k562_rl1,audit_delta,NELFCD,213,SNRPG,0.6329141568709623,-0.004648979023286908,True
S3_replogle_k562_rl1,audit_delta,NIFK,48,SNRPG,0.5413551673113175,0.37337414160841315,True
S3_replogle_k562_rl1,audit_delta,NLE1,40,SNRPG,0.6074148519913288,0.4448562734482667,True
S3_replogle_k562_rl1,audit_delta,NMD3,73,SPC25,0.4825617353245158,0.2806259279189461,True
S3_replogle_k562_rl1,audit_delta,NOL6,102,SNRPG,0.49267152895635247,0.2464336586371032,True
S3_replogle_k562_rl1,audit_delta,NOP10,184,SNRPG,0.5416436353982226,0.11947481041685949,True
S3_replogle_k562_rl1,audit_delta,NOP58,130,RPL12,0.371644682958865,0.1526387063403835,True
S3_replogle_k562_rl1,audit_delta,NSA2,137,SPC25,0.5167707364851383,0.18556159127778385,True
S3_replogle_k562_rl1,audit_delta,NUFIP1,211,SNRPG,0.4956263163693209,0.017639164850850538,True
S3_replogle_k562_rl1,audit_delta,NUP107,31,SNRPG,0.5960121231594899,0.4527473768698116,True
S3_replogle_k562_rl1,audit_delta,NUP98,9,SNRPG,0.6251024193818591,0.5367756780899581,True
S3_replogle_k562_rl1,audit_delta,OGT,214,SPC25,0.47712248378601013,-0.023074669430975636,True
S3_replogle_k562_rl1,audit_delta,PDCD2,208,SPC25,0.5073009883643544,0.02698806278010745,True
S3_replogle_k562_rl1,audit_delta,PES1,134,SPC25,0.5157865414379056,0.2065037629402294,True
S3_replogle_k562_rl1,audit_delta,PET117,210,SPC25,0.5008242152359048,0.022728936222926904,True
S3_replogle_k562_rl1,audit_delta,PGPEP1,81,RPL12,0.4372951201523387,0.24651033761391683,True
S3_replogle_k562_rl1,audit_delta,PHB2,9,SNRPG,0.580435288038553,0.5025281133093997,True
S3_replogle_k562_rl1,audit_delta,PMF1,37,RPL12,0.5813166960574979,0.43312622124743644,True
S3_replogle_k562_rl1,audit_delta,PMPCA,45,SPC25,0.6088633516307866,0.4082930267628778,True
S3_replogle_k562_rl1,audit_delta,POLD1,127,SNRPG,0.578002003014216,0.24715515972204313,True
S3_replogle_k562_rl1,audit_delta,POLD3,178,ABCE1,0.5346039762509258,0.12562038820350763,True
S3_replogle_k562_rl1,audit_delta,POLR2I,17,SNRPG,0.6059145403443483,0.4788525242802621,True
S3_replogle_k562_rl1,audit_delta,POLRMT,205,SNRPG,0.6015423273162944,0.06349211272004233,True
S3_replogle_k562_rl1,audit_delta,POP1,134,SPC25,0.5208226407006461,0.21201701886738045,True
S3_replogle_k562_rl1,audit_delta,PPARGC1B,209,SPC25,0.635849663561231,0.03513278220288209,True
S3_replogle_k562_rl1,audit_delta,PPP1CA,199,SPC25,0.5724054888978645,0.08009032975256629,True
S3_replogle_k562_rl1,audit_delta,PPP4C,103,SPC25,0.6151275586372721,0.3157714033896288,True
S3_replogle_k562_rl1,audit_delta,PRIM1,67,SNRPG,0.590017499451357,0.3491380086541863,True
S3_replogle_k562_rl1,audit_delta,PRIM2,78,SPC25,0.6202186448575906,0.3472374033691077,True
S3_replogle_k562_rl1,audit_delta,PRPF19,25,SNRPG,0.5037280058053966,0.3846308871057268,True
S3_replogle_k562_rl1,audit_delta,PRPF3,9,SNRPG,0.5050790601243953,0.44811502171791523,True
S3_replogle_k562_rl1,audit_delta,PRPF31,35,SPC25,0.2649874371754812,0.18834373923318623,True
S3_replogle_k562_rl1,audit_delta,PRPF4,31,RPL12,0.5209578259579292,0.3996347315034513,True
S3_replogle_k562_rl1,audit_delta,PRPF8,18,SNRPG,0.47322327816771276,0.36489866745482535,True
S3_replogle_k562_rl1,audit_delta,PSMB2,77,SPC25,0.4139960094751714,0.23097293971263888,True
S3_replogle_k562_rl1,audit_delta,PSMB5,59,SNRPG,0.6019569022915776,0.3839316197495037,True
S3_replogle_k562_rl1,audit_delta,PSMB6,68,SNRPG,0.5751275602637838,0.3533941429654678,True
S3_replogle_k562_rl1,audit_delta,PSMB7,74,SNRPG,0.5999685652325336,0.34933792704551536,True
S3_replogle_k562_rl1,audit_delta,PSMD2,48,SPC25,0.4247340942649722,0.29434876718478453,True
S3_replogle_k562_rl1,audit_delta,PSMG3,185,SNRPG,0.6201686094948238,0.1301832886225746,True
S3_replogle_k562_rl1,audit_delta,PSMG4,179,SNRPD1,0.4726654835096986,0.10791919272191026,True
S3_replogle_k562_rl1,audit_delta,PTBP1,146,SPC25,0.6090000817207758,0.22033425715743823,True
S3_replogle_k562_rl1,audit_delta,PWP2,203,SPC25,0.4978716256835092,0.046165568056389744,True
S3_replogle_k562_rl1,audit_delta,RACGAP1,46,SNRPG,0.5977009484371474,0.41444824529128876,True
S3_replogle_k562_rl1,audit_delta,RAD21,62,SPC25,0.5504097014846383,0.3379773101698571,True
S3_replogle_k562_rl1,audit_delta,RBM42,177,SPC25,0.5548172248938463,0.1415562220368561,True
S3_replogle_k562_rl1,audit_delta,RCC1,193,SNRPG,0.5330747958681417,0.09451141854479818,True
S3_replogle_k562_rl1,audit_delta,RFC4,122,SPC25,0.554269350699362,0.19777653645400925,True
S3_replogle_k562_rl1,audit_delta,RIOK1,137,SPC25,0.6184900639722138,0.25019399582240837,True
S3_replogle_k562_rl1,audit_delta,RNF40,117,RPL12,0.5488521322425668,0.24793983804998093,True
S3_replogle_k562_rl1,audit_delta,RPA1,100,SNRPG,0.5778185069572526,0.29182811149917093,True
S3_replogle_k562_rl1,audit_delta,RPA3,75,SPC25,0.6151347747669096,0.36274769879370294,True
S3_replogle_k562_rl1,audit_delta,RPAP1,87,SPC25,0.5542171887599191,0.29216552355691827,True
S3_replogle_k562_rl1,audit_delta,RPL12,3,SNRPG,0.5820547419181337,0.5551110295337056,True
S3_replogle_k562_rl1,audit_delta,RPL18A,69,SPC25,0.4002077182168582,0.2414501833671035,True
S3_replogle_k562_rl1,audit_delta,RPL23A,70,SPC25,0.5821730439814361,0.33600469940363353,True
S3_replogle_k562_rl1,audit_delta,RPL27,153,SNRPB,0.4442679488465862,0.10218801510314778,True
S3_replogle_k562_rl1,audit_delta,RPL30,25,SNRPG,0.6141046089263497,0.47514365734604147,True
S3_replogle_k562_rl1,audit_delta,RPL34,15,SPC25,0.6455494231989508,0.5312790614272607,True
S3_replogle_k562_rl1,audit_delta,RPL35,116,TIMM23B,0.38285090040205777,0.14097734293664438,True
S3_replogle_k562_rl1,audit_delta,RPL5,7,SNRPG,0.4902316312820112,0.4565361643935726,True
S3_replogle_k562_rl1,audit_delta,RPS11,82,SPC25,0.6179868339426812,0.3613152815646581,True
S3_replogle_k562_rl1,audit_delta,RPS17,116,SNRPG,0.6086857108925594,0.25374796799680444,True
S3_replogle_k562_rl1,audit_delta,RPS23,123,SPC25,0.48212915477465157,0.20106503752441782,True
S3_replogle_k562_rl1,audit_delta,RPS24,80,SNRPG,0.6020895778298585,0.33883148635193744,True
S3_replogle_k562_rl1,audit_delta,RPS27A,101,SNRPG,0.4664627372248515,0.22512072269969555,True
S3_replogle_k562_rl1,audit_delta,RPS29,73,SPC25,0.5857520227993759,0.3527114510874956,True
S3_replogle_k562_rl1,audit_delta,RPS4X,95,SNRPG,0.6009599350902214,0.2858086664897314,True
S3_replogle_k562_rl1,audit_delta,RPS9,76,SPC25,0.6345340887423083,0.37135714006357357,True
S3_replogle_k562_rl1,audit_delta,RRP1,69,SNRPG,0.5085665902555746,0.29571185201476685,True
S3_replogle_k562_rl1,audit_delta,RRP7A,136,SNRPG,0.36748643103957196,0.13657484545056256,True
S3_replogle_k562_rl1,audit_delta,SARS2,187,SPC25,0.6209556783987987,0.12738883392117312,True
S3_replogle_k562_rl1,audit_delta,SART1,45,SPC25,0.6029541434426886,0.4280641423356097,True
S3_replogle_k562_rl1,audit_delta,SCFD1,56,RPL12,0.480711881011791,0.31870816970915217,True
S3_replogle_k562_rl1,audit_delta,SDHC,180,SNRPG,0.5231209871740791,0.11770912572734202,True
S3_replogle_k562_rl1,audit_delta,SEH1L,108,SPC25,0.4115764890226976,0.20477125696482618,True
S3_replogle_k562_rl1,audit_delta,SERBP1,209,SPC25,0.5722078576702205,0.03630764256446889,True
S3_replogle_k562_rl1,audit_delta,SF3A1,113,SNRPG,0.5728524418452406,0.25241882081867684,True
S3_replogle_k562_rl1,audit_delta,SF3A2,7,SPC25,0.6167066828780571,0.5587673586148229,True
S3_replogle_k562_rl1,audit_delta,SFPQ,132,SNRPG,0.5928754454124228,0.23530282456943485,True
S3_replogle_k562_rl1,audit_delta,SKP1,178,SNRPG,0.4349002988980498,0.0986745311982993,True
S3_replogle_k562_rl1,audit_delta,SLBP,173,SPC25,0.45538305447574046,0.12025255593596541,True
S3_replogle_k562_rl1,audit_delta,SMARCB1,206,SPC25,0.5575787574555439,0.05760574483928175,True
S3_replogle_k562_rl1,audit_delta,SMN2,12,SPC25,0.6375527414339158,0.537688459698667,True
S3_replogle_k562_rl1,audit_delta,SNRPA1,34,SPC25,0.5624358524315671,0.40190837214633096,True
S3_replogle_k562_rl1,audit_delta,SNRPB,13,SPC25,0.6022328440948123,0.5070074854332696,True
S3_replogle_k562_rl1,audit_delta,SNRPD1,4,SPC25,0.5998788941353606,0.5581354658220032,True
S3_replogle_k562_rl1,audit_delta,SNRPG,1,SNRPG,0.5797442796917003,0.5797442796917003,False
S3_replogle_k562_rl1,audit_delta,SPC25,3,RPL12,0.5597791075122717,0.544661179682487,True
S3_replogle_k562_rl1,audit_delta,SRFBP1,137,RPL12,0.4482937915134215,0.18136727201986486,True
S3_replogle_k562_rl1,audit_delta,SRRT,118,SNRPG,0.6239985650067906,0.2787822776851831,True
S3_replogle_k562_rl1,audit_delta,SSRP1,58,SPC25,0.622474495390526,0.4089918143842839,True
S3_replogle_k562_rl1,audit_delta,SSU72,80,SPC25,0.5413031624689495,0.30072953767523425,True
S3_replogle_k562_rl1,audit_delta,STARD7,195,SNRPG,0.5203399558917443,0.08367669039497433,True
S3_replogle_k562_rl1,audit_delta,SUPT16H,67,SPC25,0.5915825860219661,0.3612189418744509,True
S3_replogle_k562_rl1,audit_delta,SUPV3L1,167,RPL12,0.44737525960893443,0.13843910948576899,True
S3_replogle_k562_rl1,audit_delta,TCERG1,126,SPC25,0.5921473218593902,0.24093018747704542,True
S3_replogle_k562_rl1,audit_delta,TCP1,61,SPC25,0.5122023786781785,0.3145966823531456,True
S3_replogle_k562_rl1,audit_delta,TEFM,190,SNRPG,0.6095414606411549,0.09545544475681865,True
S3_replogle_k562_rl1,audit_delta,TERF2,51,PHB2,0.4786640280419261,0.3136640906372032,True
S3_replogle_k562_rl1,audit_delta,TFDP1,207,SNRPG,0.5870412759589679,0.06188776345953616,True
S3_replogle_k562_rl1,audit_delta,TFIP11,116,SPC25,0.4923210292801763,0.194046159999092,True
S3_replogle_k562_rl1,audit_delta,THAP1,156,SPC25,0.5383631298787793,0.18027848644360495,True
S3_replogle_k562_rl1,audit_delta,THAP11,207,SPC25,0.5505943803946455,0.04890376234025077,True
S3_replogle_k562_rl1,audit_delta,TIMM23B,18,SPC25,0.6126781314401093,0.5197703643755053,True
S3_replogle_k562_rl1,audit_delta,TMA16,145,SNRPG,0.5654963902323299,0.201245155696088,True
S3_replogle_k562_rl1,audit_delta,TNPO3,199,SNRPG,0.53885582904188,0.06794623624969852,True
S3_replogle_k562_rl1,audit_delta,TOP1,170,SNRPG,0.48978353266503777,0.12942681368423647,True
S3_replogle_k562_rl1,audit_delta,TRA2B,161,SPC25,0.5653284351844943,0.17571592566588515,True
S3_replogle_k562_rl1,audit_delta,TREX2,29,SPC25,0.6499949021718614,0.49706575623673405,True
S3_replogle_k562_rl1,audit_delta,TRMT112,175,SNRPG,0.5710417243207173,0.14698704461555384,True
S3_replogle_k562_rl1,audit_delta,TRRAP,83,SPC25,0.6278157370243892,0.36615203177386235,True
S3_replogle_k562_rl1,audit_delta,TUT1,100,RPL12,0.556002910038026,0.28555922275615364,True
S3_replogle_k562_rl1,audit_delta,UBA1,101,SPC25,0.6294092200425241,0.32118388370413514,True
S3_replogle_k562_rl1,audit_delta,UBE2I,90,SNRPG,0.3880986904235193,0.19291271587426334,True
S3_replogle_k562_rl1,audit_delta,UQCRB,164,SPC25,0.5792998536160202,0.16758692648193735,True
S3_replogle_k562_rl1,audit_delta,UTP15,81,SNRPG,0.5658975431407196,0.301426929756348,True
S3_replogle_k562_rl1,audit_delta,UTP6,182,SNRPG,0.43523125932720125,0.09450566390752885,True
S3_replogle_k562_rl1,audit_delta,VPS29,178,SPC25,0.5813104233654488,0.14753600190949354,True
S3_replogle_k562_rl1,audit_delta,WDR12,64,RPL12,0.5621437487246789,0.3617681426061477,True
S3_replogle_k562_rl1,audit_delta,XPO1,19,SPC25,0.6155491989894505,0.49605943149389525,True
S3_replogle_k562_rl1,audit_delta,XRN2,100,SPC25,0.43515441115737996,0.20129976051490514,True
S3_replogle_k562_rl1,audit_delta,ZNF207,35,SNRPG,0.5575326538864938,0.40020291799992236,True
S3_replogle_k562_rl1,audit_delta,ZNHIT6,208,SNRPG,0.569585355989499,0.04099116419955654,True
S3_replogle_k562_rl1,gears_raw,ABCE1,5,SPC25,0.46504570680065427,0.3977961716320474,True
S3_replogle_k562_rl1,gears_raw,ACTR6,216,SPC25,0.3723190640576581,-0.0797008163728379,True
S3_replogle_k562_rl1,gears_raw,ACTR8,154,SPC25,0.5672242941458372,0.1568739584652183,True
S3_replogle_k562_rl1,gears_raw,ALG13,170,SPC25,0.559265652261461,0.12960880669817745,True
S3_replogle_k562_rl1,gears_raw,ARCN1,18,SPC25,0.5290027587320368,0.40813161337154535,True
S3_replogle_k562_rl1,gears_raw,ATP6AP1,141,SPC25,0.45528805935686634,0.15904210332740928,True
S3_replogle_k562_rl1,gears_raw,ATP6V1A,192,SPC25,0.3084891655105926,0.048506172377794136,True
S3_replogle_k562_rl1,gears_raw,BRIX1,38,SPC25,0.4266246330321767,0.268948906832286,True
S3_replogle_k562_rl1,gears_raw,CCNH,105,SPC25,0.35408709725033144,0.15754576257760186,True
S3_replogle_k562_rl1,gears_raw,CCNK,168,SPC25,0.5622343904222483,0.1313726186778404,True
S3_replogle_k562_rl1,gears_raw,CCT3,101,SPC25,0.4445498710123503,0.20517880725136853,True
S3_replogle_k562_rl1,gears_raw,CCT5,102,SPC25,0.3519240788916144,0.14133875780644997,True
S3_replogle_k562_rl1,gears_raw,CCT7,88,SPC25,0.42635987551884785,0.2136119470745712,True
S3_replogle_k562_rl1,gears_raw,CDC73,109,SPC25,0.4376570010389345,0.20660232049256763,True
S3_replogle_k562_rl1,gears_raw,CENPJ,47,SPC25,0.5624235833061435,0.355740279550967,True
S3_replogle_k562_rl1,gears_raw,CHMP3,28,RPL34,0.22158948901157416,0.1655233540607103,True
S3_replogle_k562_rl1,gears_raw,CIAPIN1,111,SPC25,0.41657729755968326,0.15733472350409186,True
S3_replogle_k562_rl1,gears_raw,CKAP5,72,SPC25,0.3767831146562398,0.20511829668036166,True
S3_replogle_k562_rl1,gears_raw,CNIH4,165,SPC25,0.3152268500462959,0.07300447948760731,True
S3_replogle_k562_rl1,gears_raw,CPSF1,66,SPC25,0.3014855744671126,0.1398674963320454,True
S3_replogle_k562_rl1,gears_raw,CPSF6,185,SFPQ,0.14834675814321685,0.007686378233936517,True
S3_replogle_k562_rl1,gears_raw,CXXC1,87,SPC25,0.5333218058907983,0.2254766508405162,True
S3_replogle_k562_rl1,gears_raw,CYCS,174,SPC25,0.5389196284071293,0.12521447019660445,True
S3_replogle_k562_rl1,gears_raw,DBR1,164,SPC25,0.39814360287481304,0.10398948756438826,True
S3_replogle_k562_rl1,gears_raw,DDB1,96,SPC25,0.33075367994252697,0.14870497602174504,True
S3_replogle_k562_rl1,gears_raw,DDX24,41,SPC25,0.5174141733241572,0.34119841356765457,True
S3_replogle_k562_rl1,gears_raw,DDX46,121,SPC25,0.4741182341092357,0.20509800281474042,True
S3_replogle_k562_rl1,gears_raw,DDX47,141,SPC25,0.5820325657882699,0.16742775851031436,True
S3_replogle_k562_rl1,gears_raw,DHODH,186,RPL34,0.4088425655991098,0.056088588753512456,True
S3_replogle_k562_rl1,gears_raw,DHX33,72,SPC25,0.33352843295311546,0.18462458080417565,True
S3_replogle_k562_rl1,gears_raw,DICER1,145,ABCE1,0.327929153245817,0.11609863656701634,True
S3_replogle_k562_rl1,gears_raw,DNTTIP2,73,SPC25,0.5362685194230802,0.28217579835562573,True
S3_replogle_k562_rl1,gears_raw,DYNC1H1,4,SPC25,0.5875184853722335,0.49234456007651517,True
S3_replogle_k562_rl1,gears_raw,DYNLL1,173,SPC25,0.32402237625322183,0.06346787332651425,True
S3_replogle_k562_rl1,gears_raw,EEF1G,137,SPC25,0.45499170350886203,0.149363162996834,True
S3_replogle_k562_rl1,gears_raw,EIF2S2,91,SPC25,0.29558137691222625,0.1351004940012526,True
S3_replogle_k562_rl1,gears_raw,EIF3E,74,RPL34,0.35827400782731356,0.1873869583830227,True
S3_replogle_k562_rl1,gears_raw,EIF3I,49,SPC25,0.25131996242682625,0.1469869686613219,True
S3_replogle_k562_rl1,gears_raw,ERCC2,164,SPC25,0.33660505840308,0.08870201419336018,True
S3_replogle_k562_rl1,gears_raw,EXOSC8,51,MED12,0.33418466191325236,0.22823581155059164,True
S3_replogle_k562_rl1,gears_raw,EXOSC9,80,NIFK,0.1317228434460857,0.07517158803403216,True
S3_replogle_k562_rl1,gears_raw,FAM136A,57,SNRPB,0.2437892852787575,0.11782945387800771,True
S3_replogle_k562_rl1,gears_raw,FAM32A,66,SPC25,0.6009384041878397,0.34368349250406094,True
S3_replogle_k562_rl1,gears_raw,FASTKD5,214,SPC25,0.5635949746899748,-0.034161914987009066,True
S3_replogle_k562_rl1,gears_raw,FBXO5,205,SPC25,0.5678074407992967,0.03706218311328238,True
S3_replogle_k562_rl1,gears_raw,GATA1,7,SPC25,0.4846918794774692,0.39279455330575985,True
S3_replogle_k562_rl1,gears_raw,GINS2,79,SPC25,0.4356015958117386,0.21910617046829994,True
S3_replogle_k562_rl1,gears_raw,GINS3,125,SPC25,0.48222684925207837,0.15175376737457866,True
S3_replogle_k562_rl1,gears_raw,GINS4,133,SPC25,0.3256215105977826,0.12642473447509206,True
S3_replogle_k562_rl1,gears_raw,GPS1,143,SPC25,0.5566028562558692,0.20115167401419104,True
S3_replogle_k562_rl1,gears_raw,GRB2,153,SPC25,0.333268920386913,0.07864758060326123,True
S3_replogle_k562_rl1,gears_raw,GTF3C3,174,SPC25,0.42276775883670603,0.07962406569066019,True
S3_replogle_k562_rl1,gears_raw,HARS,67,SPC25,0.5307016477016021,0.30748028657086235,True
S3_replogle_k562_rl1,gears_raw,HNRNPC,69,SPC25,0.6052339721143899,0.33188974953573336,True
S3_replogle_k562_rl1,gears_raw,HSCB,147,SPC25,0.45832188855490946,0.12121366089087263,True
S3_replogle_k562_rl1,gears_raw,HSF1,208,SPC25,0.38921953745544574,0.011338491177042264,True
S3_replogle_k562_rl1,gears_raw,HUWE1,129,SPC25,0.4056020116320692,0.1260393841654627,True
S3_replogle_k562_rl1,gears_raw,HYPK,125,SPC25,0.3598263342714268,0.12948604490348636,True
S3_replogle_k562_rl1,gears_raw,ICE1,46,SPC25,0.5885541460273509,0.37160743725274675,True
S3_replogle_k562_rl1,gears_raw,INTS5,78,SPC25,0.3062516969326716,0.14063048715596127,True
S3_replogle_k562_rl1,gears_raw,ISG20L2,169,SPC25,0.3470391533842923,0.05088642531006965,True
S3_replogle_k562_rl1,gears_raw,JAZF1,153,SPC25,0.5767209606452759,0.16719893879026088,True
S3_replogle_k562_rl1,gears_raw,KIF20A,145,SPC25,0.36620857622257047,0.10925999226339948,True
S3_replogle_k562_rl1,gears_raw,KPNB1,35,SPC25,0.5899484299427709,0.3924343051898355,True
S3_replogle_k562_rl1,gears_raw,KRR1,137,SPC25,0.6363178986714838,0.204459894192855,True
S3_replogle_k562_rl1,gears_raw,LAMTOR2,94,CENPJ,0.2644506229482584,0.11784958918869225,True
S3_replogle_k562_rl1,gears_raw,LAS1L,148,SPC25,0.19236351894793544,0.06409883068236501,True
S3_replogle_k562_rl1,gears_raw,LTV1,60,SPC25,0.46138113171221756,0.2848857212417729,True
S3_replogle_k562_rl1,gears_raw,MAGOH,78,SPC25,0.42771861774475256,0.20950335896743644,True
S3_replogle_k562_rl1,gears_raw,MCM6,199,SPC25,0.2831988852466686,0.024457485688268703,True
S3_replogle_k562_rl1,gears_raw,MCMBP,157,SPC25,0.37018795670649085,0.09849569338730318,True
S3_replogle_k562_rl1,gears_raw,MDN1,117,SPC25,0.2479817237828007,0.10680472090268193,True
S3_replogle_k562_rl1,gears_raw,MED10,12,SPC25,0.639031658442342,0.5252774388907363,True
S3_replogle_k562_rl1,gears_raw,MED12,3,SPC25,0.6100359799203213,0.5473541601766502,True
S3_replogle_k562_rl1,gears_raw,MIOS,148,SPC25,0.5445797354001642,0.17400233466499745,True
S3_replogle_k562_rl1,gears_raw,MRPL4,186,SPC25,0.372450045209513,0.0665119860953159,True
S3_replogle_k562_rl1,gears_raw,MRPL41,124,SPC25,0.19656621981529704,0.05674245310147533,True
S3_replogle_k562_rl1,gears_raw,MRPL43,143,SPC25,0.44138497146628447,0.12291601721161212,True
S3_replogle_k562_rl1,gears_raw,MRPL49,64,KRR1,0.17815719727249515,0.09766873047480097,True
S3_replogle_k562_rl1,gears_raw,MRPS22,196,RPL34,0.29207425285933625,0.028073621155264572,True
S3_replogle_k562_rl1,gears_raw,MRPS26,203,SPC25,0.3813388347603228,0.02374264420630953,True
S3_replogle_k562_rl1,gears_raw,MRPS34,107,SPC25,0.4360178427063886,0.1751478088200437,True
S3_replogle_k562_rl1,gears_raw,N6AMT1,215,SPC25,0.5689294716118579,-0.061095078196585446,True
S3_replogle_k562_rl1,gears_raw,NAA15,118,SPC25,0.3945937121677705,0.14811184547496403,True
S3_replogle_k562_rl1,gears_raw,NAA20,134,SPC25,0.41717853691906454,0.14202103372649544,True
S3_replogle_k562_rl1,gears_raw,NAT10,213,SNRPB,0.21034216890361665,-0.0388049477185169,True
S3_replogle_k562_rl1,gears_raw,NCBP1,102,GATA1,0.13142756227462893,0.046047623029178496,True
S3_replogle_k562_rl1,gears_raw,NDC80,2,SPC25,0.5144023681522996,0.4544486993506314,True
S3_replogle_k562_rl1,gears_raw,NDUFA8,186,SPC25,0.4075035441894677,0.06510763610452647,True
S3_replogle_k562_rl1,gears_raw,NDUFB10,196,SPC25,0.48005196159895297,0.058113115260045714,True
S3_replogle_k562_rl1,gears_raw,NEDD8,168,SPC25,0.35911207043213955,0.09016122406657531,True
S3_replogle_k562_rl1,gears_raw,NELFB,66,SPC25,0.5317886251665794,0.2891322885104342,True
S3_replogle_k562_rl1,gears_raw,NELFCD,205,SPC25,0.5849377200476691,0.029586978847282504,True
S3_replogle_k562_rl1,gears_raw,NIFK,39,SPC25,0.38644810688672876,0.25587412618253136,True
S3_replogle_k562_rl1,gears_raw,NLE1,41,SPC25,0.5688320054223457,0.3851861769237702,True
S3_replogle_k562_rl1,gears_raw,NMD3,70,SPC25,0.2871670234794511,0.1537756580468167,True
S3_replogle_k562_rl1,gears_raw,NOL6,74,SPC25,0.29357664926989185,0.15687293974761948,True
S3_replogle_k562_rl1,gears_raw,NOP10,184,SPC25,0.38182617198034796,0.06875912611875049,True
S3_replogle_k562_rl1,gears_raw,NOP58,53,SPC25,0.17502344245832216,0.11218124456555069,True
S3_replogle_k562_rl1,gears_raw,NSA2,170,SPC25,0.32895509533825984,0.047144216546363325,True
S3_replogle_k562_rl1,gears_raw,NUFIP1,205,SPC25,0.2715224049869078,-0.0017454342417570349,True
S3_replogle_k562_rl1,gears_raw,NUP107,26,SPC25,0.5628090786200782,0.4060356606972864,True
S3_replogle_k562_rl1,gears_raw,NUP98,8,SPC25,0.6238455497083581,0.5197719824366698,True
S3_replogle_k562_rl1,gears_raw,OGT,213,SPC25,0.32268269536525196,-0.0303394724981481,True
S3_replogle_k562_rl1,gears_raw,PDCD2,211,SPC25,0.32106239474811316,-0.009263251260091481,True
S3_replogle_k562_rl1,gears_raw,PES1,167,SPC25,0.3319889534971323,0.07939673123915966,True
S3_replogle_k562_rl1,gears_raw,PET117,200,SPC25,0.31242159291278043,0.036723243430517256,True
S3_replogle_k562_rl1,gears_raw,PGPEP1,112,SPC25,0.21740214201068103,0.0992812940278796,True
S3_replogle_k562_rl1,gears_raw,PHB2,38,SPC25,0.5324794921864094,0.36565498515777456,True
S3_replogle_k562_rl1,gears_raw,PMF1,28,SPC25,0.5372259363353554,0.39386484551509926,True
S3_replogle_k562_rl1,gears_raw,PMPCA,72,SPC25,0.4630230013647953,0.22182184316415815,True
S3_replogle_k562_rl1,gears_raw,POLD1,136,SPC25,0.45089215066813015,0.17531363555348628,True
S3_replogle_k562_rl1,gears_raw,POLD3,185,SPC25,0.36959827925439914,0.054812322305125595,True
S3_replogle_k562_rl1,gears_raw,POLR2I,10,SPC25,0.47800293492107937,0.38853597432229203,True
S3_replogle_k562_rl1,gears_raw,POLRMT,205,SPC25,0.4985415286889652,0.035419570539280465,True
S3_replogle_k562_rl1,gears_raw,POP1,109,SPC25,0.3122714280054588,0.12112527148489681,True
S3_replogle_k562_rl1,gears_raw,PPARGC1B,202,SPC25,0.5544839901645562,0.03321185555489183,True
S3_replogle_k562_rl1,gears_raw,PPP1CA,204,SPC25,0.4312030822473653,0.0286602442123583,True
S3_replogle_k562_rl1,gears_raw,PPP4C,122,SPC25,0.5289367378880738,0.2238996050813933,True
S3_replogle_k562_rl1,gears_raw,PRIM1,76,SPC25,0.45984363244632576,0.2412589886031389,True
S3_replogle_k562_rl1,gears_raw,PRIM2,87,SPC25,0.51325427651044,0.21577632932433402,True
S3_replogle_k562_rl1,gears_raw,PRPF19,47,SPC25,0.26213323182956033,0.17070989954622554,True
S3_replogle_k562_rl1,gears_raw,PRPF3,14,SPC25,0.27334038194398824,0.22441334473108218,True
S3_replogle_k562_rl1,gears_raw,PRPF31,27,CKAP5,0.13312539969607554,0.07973837015071238,True
S3_replogle_k562_rl1,gears_raw,PRPF4,41,SPC25,0.34802638663881164,0.2285785658330027,True
S3_replogle_k562_rl1,gears_raw,PRPF8,24,SPC25,0.21792953127211873,0.15216704014513568,True
S3_replogle_k562_rl1,gears_raw,PSMB2,42,SPC25,0.20270290467998106,0.11799924213233741,True
S3_replogle_k562_rl1,gears_raw,PSMB5,38,SPC25,0.5344010182852168,0.3452053633177531,True
S3_replogle_k562_rl1,gears_raw,PSMB6,40,SPC25,0.4336917285856769,0.2862217263008898,True
S3_replogle_k562_rl1,gears_raw,PSMB7,36,SPC25,0.5235281457652202,0.34886118477271383,True
S3_replogle_k562_rl1,gears_raw,PSMD2,44,SPC25,0.22123071417646772,0.1457373040464923,True
S3_replogle_k562_rl1,gears_raw,PSMG3,170,SPC25,0.6145943458997952,0.1365182174614681,True
S3_replogle_k562_rl1,gears_raw,PSMG4,163,SNRPB,0.30537490809715784,0.05443977560353776,True
S3_replogle_k562_rl1,gears_raw,PTBP1,123,SPC25,0.4805787218399596,0.1909871556581426,True
S3_replogle_k562_rl1,gears_raw,PWP2,186,SPC25,0.31414883648028835,0.014753544847279712,True
S3_replogle_k562_rl1,gears_raw,RACGAP1,35,SPC25,0.5194571940682853,0.3342640506097002,True
S3_replogle_k562_rl1,gears_raw,RAD21,43,SPC25,0.3808939686262263,0.232631785745065,True
S3_replogle_k562_rl1,gears_raw,RBM42,191,SPC25,0.3943399725886833,0.06147787696748959,True
S3_replogle_k562_rl1,gears_raw,RCC1,152,SPC25,0.3529458210418482,0.10800869386637459,True
S3_replogle_k562_rl1,gears_raw,RFC4,147,SPC25,0.3895821046023445,0.07910938421032072,True
S3_replogle_k562_rl1,gears_raw,RIOK1,127,SPC25,0.5934412264649324,0.2312449289769974,True
S3_replogle_k562_rl1,gears_raw,RNF40,105,SPC25,0.3676707532875543,0.1863874439172424,True
S3_replogle_k562_rl1,gears_raw,RPA1,103,SPC25,0.5137751874369144,0.24308512208429514,True
S3_replogle_k562_rl1,gears_raw,RPA3,61,SPC25,0.5038614878464355,0.26965425708329493,True
S3_replogle_k562_rl1,gears_raw,RPAP1,54,SPC25,0.37529861663316927,0.21736699667863107,True
S3_replogle_k562_rl1,gears_raw,RPL12,18,SPC25,0.4619719588943669,0.3553679911464932,True
S3_replogle_k562_rl1,gears_raw,RPL18A,140,SPC25,0.18260095755856004,0.05304599580126266,True
S3_replogle_k562_rl1,gears_raw,RPL23A,136,SPC25,0.43016231673275773,0.1213799181689965,True
S3_replogle_k562_rl1,gears_raw,RPL27,209,SF3A1,0.28306910749210407,-0.0839372906602932,True
S3_replogle_k562_rl1,gears_raw,RPL30,34,SPC25,0.5819906621785174,0.39891887956624483,True
S3_replogle_k562_rl1,gears_raw,RPL34,23,SPC25,0.6052737877777574,0.4379303765965909,True
S3_replogle_k562_rl1,gears_raw,RPL35,184,SNRPB,0.20126323916124905,-0.047244502576225825,True
S3_replogle_k562_rl1,gears_raw,RPL5,2,RPL34,0.2678168666287264,0.2590621850970055,True
S3_replogle_k562_rl1,gears_raw,RPS11,58,SPC25,0.6008038497514736,0.35239996335548357,True
S3_replogle_k562_rl1,gears_raw,RPS17,134,SPC25,0.49145577922605893,0.131527125832365,True
S3_replogle_k562_rl1,gears_raw,RPS23,178,SPC25,0.2911856712055135,0.04249305003184917,True
S3_replogle_k562_rl1,gears_raw,RPS24,82,SPC25,0.5205955469521844,0.271725862515442,True
S3_replogle_k562_rl1,gears_raw,RPS27A,144,SPC25,0.2340955102723475,0.0646789734257588,True
S3_replogle_k562_rl1,gears_raw,RPS29,57,SPC25,0.5047353284449511,0.2873773040172013,True
S3_replogle_k562_rl1,gears_raw,RPS4X,125,SPC25,0.4910377507123361,0.1554812713872495,True
S3_replogle_k562_rl1,gears_raw,RPS9,57,SPC25,0.6007177247235845,0.34259355577168377,True
S3_replogle_k562_rl1,gears_raw,RRP1,98,SPC25,0.26755768406719177,0.1218115435979379,True
S3_replogle_k562_rl1,gears_raw,RRP7A,115,SPC25,0.1655032102655461,0.042344753081061524,True
S3_replogle_k562_rl1,gears_raw,SARS2,183,SPC25,0.5752162446395022,0.09610757746054535,True
S3_replogle_k562_rl1,gears_raw,SART1,73,SPC25,0.5245816201501764,0.28869324445452255,True
S3_replogle_k562_rl1,gears_raw,SCFD1,47,SPC25,0.22609344209965113,0.15285898636098844,True
S3_replogle_k562_rl1,gears_raw,SDHC,134,SPC25,0.34194123348668887,0.09386028274760506,True
S3_replogle_k562_rl1,gears_raw,SEH1L,51,SPC25,0.18484765130580638,0.10192076308211183,True
S3_replogle_k562_rl1,gears_raw,SERBP1,201,SPC25,0.40248261604829816,0.02603831823276779,True
S3_replogle_k562_rl1,gears_raw,SF3A1,76,SPC25,0.46879985380872025,0.24701309254048967,True
S3_replogle_k562_rl1,gears_raw,SF3A2,40,SPC25,0.5694452125949054,0.3681953587052371,True
S3_replogle_k562_rl1,gears_raw,SFPQ,104,SPC25,0.5312467035896262,0.23375881431826415,True
S3_replogle_k562_rl1,gears_raw,SKP1,132,SPC25,0.17302653475680055,0.060159440483466275,True
S3_replogle_k562_rl1,gears_raw,SLBP,188,SPC25,0.25835469686686785,0.027467988525853797,True
S3_replogle_k562_rl1,gears_raw,SMARCB1,200,SPC25,0.3962344739087173,0.04034824514831801,True
S3_replogle_k562_rl1,gears_raw,SMN2,26,SPC25,0.6168584159581577,0.4331025784872465,True
S3_replogle_k562_rl1,gears_raw,SNRPA1,23,SPC25,0.39052477322475093,0.2809390635757092,True
S3_replogle_k562_rl1,gears_raw,SNRPB,5,SPC25,0.4982231421030513,0.4048853870174372,True
S3_replogle_k562_rl1,gears_raw,SNRPD1,5,SPC25,0.4983130502224869,0.4033065875962287,True
S3_replogle_k562_rl1,gears_raw,SNRPG,7,SPC25,0.5349550795101725,0.44830442892501676,True
S3_replogle_k562_rl1,gears_raw,SPC25,1,SPC25,0.4092827561194802,0.4092827561194802,False
S3_replogle_k562_rl1,gears_raw,SRFBP1,51,BRIX1,0.1926382870205617,0.11718313601946914,True
S3_replogle_k562_rl1,gears_raw,SRRT,114,SPC25,0.5982959595759403,0.26020285430963486,True
S3_replogle_k562_rl1,gears_raw,SSRP1,36,SPC25,0.643803917472522,0.4344978703324158,True
S3_replogle_k562_rl1,gears_raw,SSU72,76,SPC25,0.3737043520862304,0.17747206464765772,True
S3_replogle_k562_rl1,gears_raw,STARD7,205,SPC25,0.3400669607858173,0.017176366551404133,True
S3_replogle_k562_rl1,gears_raw,SUPT16H,46,SPC25,0.4887271640927948,0.30179496567578334,True
S3_replogle_k562_rl1,gears_raw,SUPV3L1,211,SPC25,0.19758835171331227,-0.008265928819193667,True
S3_replogle_k562_rl1,gears_raw,TCERG1,161,SPC25,0.4704838415013249,0.10897236722266908,True
S3_replogle_k562_rl1,gears_raw,TCP1,69,SPC25,0.3117066441365123,0.1567670888447672,True
S3_replogle_k562_rl1,gears_raw,TEFM,209,SPC25,0.5064010269323519,0.017153386269621627,True
S3_replogle_k562_rl1,gears_raw,TERF2,56,SPC25,0.28832294870196534,0.16660054926004983,True
S3_replogle_k562_rl1,gears_raw,TFDP1,198,SPC25,0.4804331241830959,0.05267676773920566,True
S3_replogle_k562_rl1,gears_raw,TFIP11,69,SPC25,0.3051411480178292,0.1499257135728188,True
S3_replogle_k562_rl1,gears_raw,THAP1,157,SPC25,0.3809479132634557,0.10705473816539854,True
S3_replogle_k562_rl1,gears_raw,THAP11,195,SPC25,0.386916278319976,0.04282523718569452,True
S3_replogle_k562_rl1,gears_raw,TIMM23B,59,SPC25,0.603227043287168,0.35855508513762074,True
S3_replogle_k562_rl1,gears_raw,TMA16,180,SPC25,0.47222521486397395,0.07308355272768574,True
S3_replogle_k562_rl1,gears_raw,TNPO3,188,SPC25,0.37671410889749884,0.040344913330358036,True
S3_replogle_k562_rl1,gears_raw,TOP1,154,SPC25,0.27344279869431487,0.08387881168496726,True
S3_replogle_k562_rl1,gears_raw,TRA2B,196,SPC25,0.44577959366853287,0.05278511002460421,True
S3_replogle_k562_rl1,gears_raw,TREX2,17,SPC25,0.6186093975086943,0.46938831215412274,True
S3_replogle_k562_rl1,gears_raw,TRMT112,174,SPC25,0.4821804468620162,0.1048705676841587,True
S3_replogle_k562_rl1,gears_raw,TRRAP,63,SPC25,0.6179473182129631,0.3557711050400156,True
S3_replogle_k562_rl1,gears_raw,TUT1,143,SPC25,0.3798631674651787,0.14350120405594555,True
S3_replogle_k562_rl1,gears_raw,UBA1,102,SPC25,0.5861075727874335,0.2698317166805517,True
S3_replogle_k562_rl1,gears_raw,UBE2I,79,GATA1,0.1615635235217719,0.07415454684140727,True
S3_replogle_k562_rl1,gears_raw,UQCRB,151,SPC25,0.45092553007656644,0.11541773626202603,True
S3_replogle_k562_rl1,gears_raw,UTP15,112,SPC25,0.3438437139004171,0.1343716637399706,True
S3_replogle_k562_rl1,gears_raw,UTP6,169,SPC25,0.2134639606096414,0.04167930298065023,True
S3_replogle_k562_rl1,gears_raw,VPS29,167,SPC25,0.4740235229817457,0.1174844137238637,True
S3_replogle_k562_rl1,gears_raw,WDR12,67,SPC25,0.42807229150222886,0.2467071339714539,True
S3_replogle_k562_rl1,gears_raw,XPO1,6,SPC25,0.5352659391426635,0.43336635913433164,True
S3_replogle_k562_rl1,gears_raw,XRN2,82,SPC25,0.23415855598221247,0.0917015114868867,True
S3_replogle_k562_rl1,gears_raw,ZNF207,51,SPC25,0.37957450714571445,0.22367221657430164,True
S3_replogle_k562_rl1,gears_raw,ZNHIT6,207,SPC25,0.41730987125899716,0.0006275823038900986,True
S4_replogle_k562_to_rpe1_rl4,target_control_audit_delta,ARCN1,3,GPKOW,0.38128255444964493,0.3489192481122033,True
S4_replogle_k562_to_rpe1_rl4,target_control_audit_delta,ARPC4,17,GPKOW,0.3860011526511021,0.2717022521113544,True
S4_replogle_k562_to_rpe1_rl4,target_control_audit_delta,ATP6V1A,72,GPKOW,0.38825507995077063,0.027339282433461242,True
S4_replogle_k562_to_rpe1_rl4,target_control_audit_delta,BCAS2,53,GPKOW,0.3893166260434197,0.1738344116438685,True
S4_replogle_k562_to_rpe1_rl4,target_control_audit_delta,CCDC84,66,GPKOW,0.38586197408635386,0.09911875297298044,True
S4_replogle_k562_to_rpe1_rl4,target_control_audit_delta,CDC6,38,GPKOW,0.38462054803061524,0.22391365369065497,True
S4_replogle_k562_to_rpe1_rl4,target_control_audit_delta,CENPJ,34,GPKOW,0.3848260892478063,0.22823341504205433,True
S4_replogle_k562_to_rpe1_rl4,target_control_audit_delta,CNOT2,58,GPKOW,0.3889713070595482,0.14611074700650914,True
S4_replogle_k562_to_rpe1_rl4,target_control_audit_delta,CNOT3,65,GPKOW,0.3936858807555521,0.10588620692982809,True
S4_replogle_k562_to_rpe1_rl4,target_control_audit_delta,COG2,63,GPKOW,0.3806628465753378,0.11360201410117804,True
S4_replogle_k562_to_rpe1_rl4,target_control_audit_delta,COPS2,29,GPKOW,0.38887261478083207,0.24285997559940276,True
S4_replogle_k562_to_rpe1_rl4,target_control_audit_delta,CPSF1,10,GPKOW,0.37921169356560014,0.29245363694893545,True
S4_replogle_k562_to_rpe1_rl4,target_control_audit_delta,CSE1L,25,GPKOW,0.3889196592467921,0.25094396650767237,True
S4_replogle_k562_to_rpe1_rl4,target_control_audit_delta,DDX23,2,GPKOW,0.3883354639860987,0.35887011713902817,True
S4_replogle_k562_to_rpe1_rl4,target_control_audit_delta,DOHH,67,GPKOW,0.38715463493883445,0.09389477841653554,True
S4_replogle_k562_to_rpe1_rl4,target_control_audit_delta,EIF2S3,9,GPKOW,0.3875168935908357,0.31284480681193527,True
S4_replogle_k562_to_rpe1_rl4,target_control_audit_delta,EIF3M,14,GPKOW,0.3871684113840772,0.28498785650076003,True
S4_replogle_k562_to_rpe1_rl4,target_control_audit_delta,ERCC2,60,GPKOW,0.3834849229764416,0.12897672130171964,True
S4_replogle_k562_to_rpe1_rl4,target_control_audit_delta,FNTA,27,GPKOW,0.37446487647644533,0.240260632533408,True
S4_replogle_k562_to_rpe1_rl4,target_control_audit_delta,FTSJ3,20,GPKOW,0.3828445840607301,0.25916650324794704,True
S4_replogle_k562_to_rpe1_rl4,target_control_audit_delta,GNL2,26,GPKOW,0.3825805769791049,0.24533106142758473,True
S4_replogle_k562_to_rpe1_rl4,target_control_audit_delta,GNL3,56,GPKOW,0.3932292122073774,0.1640998478011626,True
S4_replogle_k562_to_rpe1_rl4,target_control_audit_delta,GPKOW,1,GPKOW,0.39238374937929205,0.39238374937929205,False
S4_replogle_k562_to_rpe1_rl4,target_control_audit_delta,GTPBP4,46,GPKOW,0.39211615513439363,0.19923650834026946,True
S4_replogle_k562_to_rpe1_rl4,target_control_audit_delta,HBS1L,48,GPKOW,0.3896886815508424,0.19404804294996472,True
S4_replogle_k562_to_rpe1_rl4,target_control_audit_delta,KIN,15,GPKOW,0.3812330165959664,0.2776990683620943,True
S4_replogle_k562_to_rpe1_rl4,target_control_audit_delta,KRI1,51,GPKOW,0.3872793863494627,0.18696484035552488,True
S4_replogle_k562_to_rpe1_rl4,target_control_audit_delta,LSM4,11,GPKOW,0.3913729835078021,0.29868486093052693,True
S4_replogle_k562_to_rpe1_rl4,target_control_audit_delta,MAD2L1,31,GPKOW,0.3879652528763794,0.2378739707372737,True
S4_replogle_k562_to_rpe1_rl4,target_control_audit_delta,MAX,71,GPKOW,0.38697358510690333,0.03696163029084072,True
S4_replogle_k562_to_rpe1_rl4,target_control_audit_delta,MFAP1,7,GPKOW,0.38965759044282705,0.3201044530687651,True
S4_replogle_k562_to_rpe1_rl4,target_control_audit_delta,MRGBP,59,GPKOW,0.3916341784365783,0.1361795093977976,True
S4_replogle_k562_to_rpe1_rl4,target_control_audit_delta,MRPL35,73,GPKOW,0.38655583776337116,-0.06637032074440545,True
S4_replogle_k562_to_rpe1_rl4,target_control_audit_delta,MRPL38,69,GPKOW,0.3878300273456243,0.055088366247164657,True
S4_replogle_k562_to_rpe1_rl4,target_control_audit_delta,MRPL49,62,GPKOW,0.38727116585599747,0.11905971797965151,True
S4_replogle_k562_to_rpe1_rl4,target_control_audit_delta,NCBP2,45,GPKOW,0.3935684702535569,0.2048524608138427,True
S4_replogle_k562_to_rpe1_rl4,target_control_audit_delta,NELFB,28,GPKOW,0.38803597074646895,0.2445369615450631,True
S4_replogle_k562_to_rpe1_rl4,target_control_audit_delta,NFS1,32,GPKOW,0.38826618627286075,0.23491895496186338,True
S4_replogle_k562_to_rpe1_rl4,target_control_audit_delta,NOM1,47,GPKOW,0.38816732093825435,0.19613774805516299,True
S4_replogle_k562_to_rpe1_rl4,target_control_audit_delta,NUP88,43,GPKOW,0.38930204510520533,0.20871116152799857,True
S4_replogle_k562_to_rpe1_rl4,target_control_audit_delta,OGT,70,GPKOW,0.3943524614935824,0.05000240112296983,True
S4_replogle_k562_to_rpe1_rl4,target_control_audit_delta,PDCD7,42,GPKOW,0.3859039168698467,0.2069607848628553,True
S4_replogle_k562_to_rpe1_rl4,target_control_audit_delta,PPP4C,68,GPKOW,0.3842225966539431,0.0660929873074732,True
S4_replogle_k562_to_rpe1_rl4,target_control_audit_delta,PRPF4,5,GPKOW,0.38807280958928075,0.33569498200526887,True
S4_replogle_k562_to_rpe1_rl4,target_control_audit_delta,PSMA3,23,GPKOW,0.3855485292727573,0.2528665787258771,True
S4_replogle_k562_to_rpe1_rl4,target_control_audit_delta,RPL10,38,GPKOW,0.3893136160034107,0.225094038137547,True
S4_replogle_k562_to_rpe1_rl4,target_control_audit_delta,RPL26,35,GPKOW,0.38863761033036526,0.22688932484171417,True
S4_replogle_k562_to_rpe1_rl4,target_control_audit_delta,RPL30,16,GPKOW,0.3895774178137141,0.27997981184038634,True
S4_replogle_k562_to_rpe1_rl4,target_control_audit_delta,RPL35A,22,GPKOW,0.3830753092996929,0.25417607351673743,True
S4_replogle_k562_to_rpe1_rl4,target_control_audit_delta,RPL5,39,GPKOW,0.38831616995957746,0.22351422632484746,True
S4_replogle_k562_to_rpe1_rl4,target_control_audit_delta,RPL9,40,GPKOW,0.38773805704314224,0.21846330682529536,True
S4_replogle_k562_to_rpe1_rl4,target_control_audit_delta,RPS26,54,GPKOW,0.38838695906119364,0.1717279889895062,True
S4_replogle_k562_to_rpe1_rl4,target_control_audit_delta,RPS7,41,GPKOW,0.3875046949098402,0.21302678452724763,True
S4_replogle_k562_to_rpe1_rl4,target_control_audit_delta,RUVBL1,12,GPKOW,0.3909302250390334,0.29394009843725194,True
S4_replogle_k562_to_rpe1_rl4,target_control_audit_delta,SAMM50,33,GPKOW,0.3886999482143687,0.23435693110201047,True
S4_replogle_k562_to_rpe1_rl4,target_control_audit_delta,SCAF1,6,GPKOW,0.3879338483053418,0.32218491554697665,True
S4_replogle_k562_to_rpe1_rl4,target_control_audit_delta,SKA3,61,GPKOW,0.384061292557667,0.12266761678353844,True
S4_replogle_k562_to_rpe1_rl4,target_control_audit_delta,SMC2,18,GPKOW,0.38761949654328337,0.26649552444324853,True
S4_replogle_k562_to_rpe1_rl4,target_control_audit_delta,SYF2,50,GPKOW,0.39623367633337747,0.18979814007519083,True
S4_replogle_k562_to_rpe1_rl4,target_control_audit_delta,SYMPK,4,GPKOW,0.37936265905557054,0.33916641426760846,True
S4_replogle_k562_to_rpe1_rl4,target_control_audit_delta,TAF2,19,GPKOW,0.3835750305395421,0.26054589239951353,True
S4_replogle_k562_to_rpe1_rl4,target_control_audit_delta,TOMM40,57,GPKOW,0.3895137432093224,0.15399023495308656,True
S4_replogle_k562_to_rpe1_rl4,target_control_audit_delta,TSR2,52,GPKOW,0.38750093168144634,0.1740798464132724,True
S4_replogle_k562_to_rpe1_rl4,target_control_audit_delta,TUT1,44,GPKOW,0.38655109465516574,0.20395575328934903,True
S4_replogle_k562_to_rpe1_rl4,target_control_audit_delta,UBA3,65,GPKOW,0.3879530361128216,0.106490650017863,True
S4_replogle_k562_to_rpe1_rl4,target_control_audit_delta,URB2,30,GPKOW,0.3861791613650879,0.23940927537531742,True
S4_replogle_k562_to_rpe1_rl4,target_control_audit_delta,USPL1,24,GPKOW,0.3915203002304729,0.2518682566408297,True
S4_replogle_k562_to_rpe1_rl4,target_control_audit_delta,UTP15,49,GPKOW,0.38756378124197916,0.1916028055998696,True
S4_replogle_k562_to_rpe1_rl4,target_control_audit_delta,VARS,21,GPKOW,0.3857256577807029,0.25732302882469704,True
S4_replogle_k562_to_rpe1_rl4,target_control_audit_delta,WDHD1,55,GPKOW,0.390919226632862,0.1681092199708512,True
S4_replogle_k562_to_rpe1_rl4,target_control_audit_delta,XRCC5,8,GPKOW,0.38962171931018474,0.31647058613192974,True
S4_replogle_k562_to_rpe1_rl4,target_control_audit_delta,ZNF207,36,GPKOW,0.3860382449229658,0.22482940473019308,True
S4_replogle_k562_to_rpe1_rl4,target_control_audit_delta,ZNF335,13,GPKOW,0.38302370208537606,0.28625466560235613,True
S4_replogle_k562_to_rpe1_rl4,gears_raw,ARCN1,22,CNOT3,0.0552323232884948,-0.019408426411833126,True
S4_replogle_k562_to_rpe1_rl4,gears_raw,ARPC4,41,CNOT3,0.04626259983134848,-0.048102694685099874,True
S4_replogle_k562_to_rpe1_rl4,gears_raw,ATP6V1A,1,ATP6V1A,0.011098813553818206,0.011098813553818206,False
S4_replogle_k562_to_rpe1_rl4,gears_raw,BCAS2,43,TAF2,0.031365078230361436,0.0038416539887394397,True
S4_replogle_k562_to_rpe1_rl4,gears_raw,CCDC84,70,MRPL35,0.01965936841428796,-0.024357518885481374,True
S4_replogle_k562_to_rpe1_rl4,gears_raw,CDC6,35,CNOT3,0.06573221941281092,-0.03643024190561131,True
S4_replogle_k562_to_rpe1_rl4,gears_raw,CENPJ,66,MRPL35,0.01594141026670339,-0.05836677800915873,True
S4_replogle_k562_to_rpe1_rl4,gears_raw,CNOT2,72,XRCC5,0.03263130938212311,-0.04564378212056445,True
S4_replogle_k562_to_rpe1_rl4,gears_raw,CNOT3,73,GPKOW,0.10863248726417349,-0.05124024058961492,True
S4_replogle_k562_to_rpe1_rl4,gears_raw,COG2,20,CNOT3,0.03303375060377437,-0.02172787195886812,True
S4_replogle_k562_to_rpe1_rl4,gears_raw,COPS2,7,TOMM40,0.021025789877078243,0.004007424453762125,True
S4_replogle_k562_to_rpe1_rl4,gears_raw,CPSF1,71,CNOT3,0.08040576921543487,-0.0930281648862017,True
S4_replogle_k562_to_rpe1_rl4,gears_raw,CSE1L,33,NELFB,0.045254658827466494,0.015224281654073768,True
S4_replogle_k562_to_rpe1_rl4,gears_raw,DDX23,32,OGT,0.010227022493501388,-0.015686303368779613,True
S4_replogle_k562_to_rpe1_rl4,gears_raw,DOHH,5,NCBP2,0.018496536423395188,0.009688160846747751,True
S4_replogle_k562_to_rpe1_rl4,gears_raw,EIF2S3,53,MRPL38,0.03203624564766957,-0.014018598655435728,True
S4_replogle_k562_to_rpe1_rl4,gears_raw,EIF3M,26,MRPL38,0.018299306983746023,-0.01620208675075986,True
S4_replogle_k562_to_rpe1_rl4,gears_raw,ERCC2,14,MRPL35,0.053769173339938955,-0.00617857288336832,True
S4_replogle_k562_to_rpe1_rl4,gears_raw,FNTA,34,CNOT3,0.07946044554539625,-0.04426390513570294,True
S4_replogle_k562_to_rpe1_rl4,gears_raw,FTSJ3,13,MRPL35,0.058913612805737314,-0.00228357501997436,True
S4_replogle_k562_to_rpe1_rl4,gears_raw,GNL2,47,CNOT3,0.04511423547194845,-0.03776634769445556,True
S4_replogle_k562_to_rpe1_rl4,gears_raw,GNL3,51,GPKOW,0.10332974615416465,0.004451662803535991,True
S4_replogle_k562_to_rpe1_rl4,gears_raw,GPKOW,1,GPKOW,0.06640703130195409,0.06640703130195409,False
S4_replogle_k562_to_rpe1_rl4,gears_raw,GTPBP4,35,GPKOW,0.05093665143427771,0.007441545673888642,True
S4_replogle_k562_to_rpe1_rl4,gears_raw,HBS1L,15,GPKOW,0.052609516694068485,0.01681268857998826,True
S4_replogle_k562_to_rpe1_rl4,gears_raw,KIN,38,CNOT3,0.05567543034966423,-0.05811908252562394,True
S4_replogle_k562_to_rpe1_rl4,gears_raw,KRI1,48,NCBP2,0.036401722087465296,0.0007291430289248173,True
S4_replogle_k562_to_rpe1_rl4,gears_raw,LSM4,17,GPKOW,0.08813185117686245,0.039214909672549,True
S4_replogle_k562_to_rpe1_rl4,gears_raw,MAD2L1,49,ATP6V1A,0.01819943195852421,-0.022154538401161137,True
S4_replogle_k562_to_rpe1_rl4,gears_raw,MAX,8,NCBP2,0.009305122696613474,-0.0058957796940274495,True
S4_replogle_k562_to_rpe1_rl4,gears_raw,MFAP1,18,DOHH,0.027373997084896004,0.0014528950289540146,True
S4_replogle_k562_to_rpe1_rl4,gears_raw,MRGBP,28,GPKOW,0.07532040027210812,0.016576102349469077,True
S4_replogle_k562_to_rpe1_rl4,gears_raw,MRPL35,7,OGT,0.027428858027100857,0.009739336979955136,True
S4_replogle_k562_to_rpe1_rl4,gears_raw,MRPL38,2,NCBP2,0.027484972178229445,0.025648526540825164,True
S4_replogle_k562_to_rpe1_rl4,gears_raw,MRPL49,50,ATP6V1A,0.03364794348071067,-0.002760832544498976,True
S4_replogle_k562_to_rpe1_rl4,gears_raw,NCBP2,37,GPKOW,0.0802858732153422,0.019149436607186546,True
S4_replogle_k562_to_rpe1_rl4,gears_raw,NELFB,15,NCBP2,0.02587484225541235,0.0011602878770999706,True
S4_replogle_k562_to_rpe1_rl4,gears_raw,NFS1,72,DOHH,0.013648375481601912,-0.030559510302932746,True
S4_replogle_k562_to_rpe1_rl4,gears_raw,NOM1,65,ATP6V1A,0.02357529038829497,-0.022337762673364736,True
S4_replogle_k562_to_rpe1_rl4,gears_raw,NUP88,57,CPSF1,0.02795511329555622,-0.014894522067374032,True
S4_replogle_k562_to_rpe1_rl4,gears_raw,OGT,58,GPKOW,0.11051350787212597,0.0021040687161262075,True
S4_replogle_k562_to_rpe1_rl4,gears_raw,PDCD7,33,MRPL38,0.009698161258609474,-0.03380695052298744,True
S4_replogle_k562_to_rpe1_rl4,gears_raw,PPP4C,21,CNOT3,0.056171012103338046,-0.018785133355424498,True
S4_replogle_k562_to_rpe1_rl4,gears_raw,PRPF4,47,ATP6V1A,0.020347114040367056,-0.022727146594154573,True
S4_replogle_k562_to_rpe1_rl4,gears_raw,PSMA3,14,MRPL35,0.03774401264709785,0.003638595372782983,True
S4_replogle_k562_to_rpe1_rl4,gears_raw,RPL10,55,USPL1,0.03358660598429687,-0.00800910854911547,True
S4_replogle_k562_to_rpe1_rl4,gears_raw,RPL26,45,OGT,0.029701676853089526,-0.01572302430915111,True
S4_replogle_k562_to_rpe1_rl4,gears_raw,RPL30,51,SAMM50,0.04123475670557293,-0.01245931802543814,True
S4_replogle_k562_to_rpe1_rl4,gears_raw,RPL35A,40,CNOT3,0.04719046744244683,-0.05732334548214568,True
S4_replogle_k562_to_rpe1_rl4,gears_raw,RPL5,45,ATP6V1A,0.027233205943274774,-0.011336424543765513,True
S4_replogle_k562_to_rpe1_rl4,gears_raw,RPL9,47,XRCC5,0.015222245027458304,-0.02059597457558903,True
S4_replogle_k562_to_rpe1_rl4,gears_raw,RPS26,70,SKA3,0.03525746482112152,-0.009824185383230629,True
S4_replogle_k562_to_rpe1_rl4,gears_raw,RPS7,63,USPL1,0.03406726821308222,-0.0008132996467811088,True
S4_replogle_k562_to_rpe1_rl4,gears_raw,RUVBL1,21,GPKOW,0.07539881319358817,0.027295299571736438,True
S4_replogle_k562_to_rpe1_rl4,gears_raw,SAMM50,13,XRCC5,0.035601951391772864,0.018934525347736174,True
S4_replogle_k562_to_rpe1_rl4,gears_raw,SCAF1,7,ATP6V1A,0.02805830803644363,0.008402359888878712,True
S4_replogle_k562_to_rpe1_rl4,gears_raw,SKA3,30,CNOT3,0.03337230067460221,-0.029645793466741073,True
S4_replogle_k562_to_rpe1_rl4,gears_raw,SMC2,41,NCBP2,0.03923780387583769,-0.0003475412198719098,True
S4_replogle_k562_to_rpe1_rl4,gears_raw,SYF2,57,GPKOW,0.1452230158908079,0.015492202326256031,True
S4_replogle_k562_to_rpe1_rl4,gears_raw,SYMPK,65,CNOT3,0.07062546104382156,-0.0933155950690985,True
S4_replogle_k562_to_rpe1_rl4,gears_raw,TAF2,34,MRPL35,0.0331184989076785,-0.030037951947683765,True
S4_replogle_k562_to_rpe1_rl4,gears_raw,TOMM40,10,SAMM50,0.0328535434363709,0.015795991849786577,True
S4_replogle_k562_to_rpe1_rl4,gears_raw,TSR2,51,ATP6V1A,0.015597794890576213,-0.02961934840349789,True
S4_replogle_k562_to_rpe1_rl4,gears_raw,TUT1,68,NCBP2,0.01983684980968313,-0.04158353140272628,True
S4_replogle_k562_to_rpe1_rl4,gears_raw,UBA3,33,ATP6V1A,0.0299544326815044,-0.010956098109501572,True
S4_replogle_k562_to_rpe1_rl4,gears_raw,URB2,48,MRPL38,0.014135046962092505,-0.03132068234085392,True
S4_replogle_k562_to_rpe1_rl4,gears_raw,USPL1,12,GPKOW,0.08565706668753213,0.04380642232745584,True
S4_replogle_k562_to_rpe1_rl4,gears_raw,UTP15,55,MRPL35,0.033832482369866655,0.0030497117316958156,True
S4_replogle_k562_to_rpe1_rl4,gears_raw,VARS,54,CNOT3,0.027245007976563047,-0.04231423685432866,True
S4_replogle_k562_to_rpe1_rl4,gears_raw,WDHD1,15,GPKOW,0.0657310528192043,0.039730175118985134,True
S4_replogle_k562_to_rpe1_rl4,gears_raw,XRCC5,1,XRCC5,0.053445857194309915,0.053445857194309915,False
S4_replogle_k562_to_rpe1_rl4,gears_raw,ZNF207,35,CNOT3,0.04118671395759332,-0.026812732221687927,True
S4_replogle_k562_to_rpe1_rl4,gears_raw,ZNF335,31,CNOT3,0.06757231214922074,-0.03876490553095342,True
