dataset,model,split,status,n_test_perturbations,pearson_delta,pearson_delta_ci95_low,pearson_delta_ci95_high,bns,bns_status,UER_at_50,UER_at_50_ci95_low,UER_at_50_ci95_high,sign_flip_rate,sign_flip_rate_ci95_low,sign_flip_rate_ci95_high,retrieval_top1_accuracy,retrieval_top5_accuracy,retrieval_mrr,uncertainty_status,notes,permutation_seed
Norman2019_GEARS_processed_mirror,FP3_label_shuffled_mean_effect,L1,COMPLETED_FALSIFICATION_PERMUTATION,57,0.2221448863018963,0.15142091787578632,0.30176097204219776,,UNVERIFIED,0.003859649122807018,0.002105263157894737,0.0059649122807017545,0.35670203175924,0.3172092781360516,0.39892691214201514,0.017543859649122806,0.08771929824561403,0.08019777565669328,BOOTSTRAP_PERTURBATION_LEVEL,Label-shuffled perturbation delta probe permutation 1; replicate upper bound not yet verified. ,1
Norman2019_GEARS_processed_mirror,FP3_label_shuffled_mean_effect,L1,COMPLETED_FALSIFICATION_PERMUTATION,57,0.28021414204584905,0.20448741784706193,0.3611106810695797,,UNVERIFIED,0.0059649122807017545,0.0035087719298245615,0.008429824561403511,0.3258442549060398,0.2777789334997573,0.3729959780875112,0.017543859649122806,0.12280701754385964,0.09166202342623865,BOOTSTRAP_PERTURBATION_LEVEL,Label-shuffled perturbation delta probe permutation 2; replicate upper bound not yet verified. ,2
Norman2019_GEARS_processed_mirror,FP3_label_shuffled_mean_effect,L1,COMPLETED_FALSIFICATION_PERMUTATION,57,0.22840029203014342,0.14193013564837245,0.30205395989737266,,UNVERIFIED,0.0038596491228070177,0.0017543859649122807,0.006666666666666667,0.36918382913806264,0.3273524720893142,0.4141945773524721,0.0,0.10526315789473684,0.07043266112516731,BOOTSTRAP_PERTURBATION_LEVEL,Label-shuffled perturbation delta probe permutation 3; replicate upper bound not yet verified. ,3
Norman2019_GEARS_processed_mirror,FP3_label_shuffled_mean_effect,L1,COMPLETED_FALSIFICATION_PERMUTATION,57,0.20204775661462324,0.12765130737117056,0.28452329745635074,,UNVERIFIED,0.0017543859649122807,0.00035087719298245617,0.003157894736842105,0.36627140974967065,0.31958255322099716,0.4060571388946675,0.017543859649122806,0.05263157894736842,0.06671267365054664,BOOTSTRAP_PERTURBATION_LEVEL,Label-shuffled perturbation delta probe permutation 4; replicate upper bound not yet verified. ,4
Norman2019_GEARS_processed_mirror,FP3_label_shuffled_mean_effect,L1,COMPLETED_FALSIFICATION_PERMUTATION,57,0.2838429177850944,0.1965573232072708,0.37783197826799736,,UNVERIFIED,0.002456140350877193,0.0007017543859649123,0.00456140350877193,0.3282019277442619,0.2831981138617294,0.3770456279037515,0.03508771929824561,0.08771929824561403,0.09431819585126212,BOOTSTRAP_PERTURBATION_LEVEL,Label-shuffled perturbation delta probe permutation 5; replicate upper bound not yet verified. ,5
Norman2019_GEARS_processed_mirror,FP3_label_shuffled_mean_effect,L1,COMPLETED_FALSIFICATION_PERMUTATION,57,0.2662527750190495,0.18884570780872562,0.3556516980987868,,UNVERIFIED,0.003157894736842105,0.0017456140350877196,0.004912280701754386,0.34096109839816935,0.2991436100131752,0.3886849039595035,0.017543859649122806,0.08771929824561403,0.07755533700622042,BOOTSTRAP_PERTURBATION_LEVEL,Label-shuffled perturbation delta probe permutation 6; replicate upper bound not yet verified. ,6
Norman2019_GEARS_processed_mirror,FP3_label_shuffled_mean_effect,L1,COMPLETED_FALSIFICATION_PERMUTATION,57,0.29991066228221863,0.22765051402687814,0.37535790100791083,,UNVERIFIED,0.0035087719298245615,0.0014035087719298247,0.005622807017543862,0.3245960751681575,0.2872044241037376,0.36270196241592123,0.05263157894736842,0.08771929824561403,0.10774233608635962,BOOTSTRAP_PERTURBATION_LEVEL,Label-shuffled perturbation delta probe permutation 7; replicate upper bound not yet verified. ,7
Norman2019_GEARS_processed_mirror,FP3_label_shuffled_mean_effect,L1,COMPLETED_FALSIFICATION_PERMUTATION,57,0.292477665491373,0.2231661799398909,0.36098066166529685,,UNVERIFIED,0.002456140350877193,0.0010526315789473684,0.004210526315789474,0.3218916857360793,0.281448928645725,0.3569291311282159,0.03508771929824561,0.15789473684210525,0.11478304297911986,BOOTSTRAP_PERTURBATION_LEVEL,Label-shuffled perturbation delta probe permutation 8; replicate upper bound not yet verified. ,8
Norman2019_GEARS_processed_mirror,FP3_label_shuffled_mean_effect,L1,COMPLETED_FALSIFICATION_PERMUTATION,57,0.28251277609025577,0.20090600641839168,0.36093942068008894,,UNVERIFIED,0.003157894736842105,0.0013947368421052635,0.005973684210526318,0.3293807641633728,0.28837285902503296,0.37670757922474174,0.017543859649122806,0.08771929824561403,0.09583911907902364,BOOTSTRAP_PERTURBATION_LEVEL,Label-shuffled perturbation delta probe permutation 9; replicate upper bound not yet verified. ,9
Norman2019_GEARS_processed_mirror,FP3_label_shuffled_mean_effect,L1,COMPLETED_FALSIFICATION_PERMUTATION,57,0.21698490543667243,0.138269710131265,0.2954656907492846,,UNVERIFIED,0.00456140350877193,0.002105263157894737,0.007728070175438599,0.36065460092920054,0.31264475417793497,0.4059877955758963,0.03508771929824561,0.12280701754385964,0.09524233362681461,BOOTSTRAP_PERTURBATION_LEVEL,Label-shuffled perturbation delta probe permutation 10; replicate upper bound not yet verified. ,10
Norman2019_GEARS_processed_mirror,FP3_label_shuffled_mean_effect,L1,COMPLETED_FALSIFICATION_PERMUTATION,57,0.2631869482684014,0.1787601183913661,0.3448625851060366,,UNVERIFIED,0.002105263157894737,0.0007017543859649123,0.0035087719298245615,0.3345815130712156,0.28964530892448515,0.3783943554538521,0.07017543859649122,0.12280701754385964,0.12527723210573838,BOOTSTRAP_PERTURBATION_LEVEL,Label-shuffled perturbation delta probe permutation 11; replicate upper bound not yet verified. ,11
Norman2019_GEARS_processed_mirror,FP3_label_shuffled_mean_effect,L1,COMPLETED_FALSIFICATION_PERMUTATION,57,0.27922844727886514,0.21863046249697154,0.3452474025992818,,UNVERIFIED,0.00456140350877193,0.0024473684210526317,0.007017543859649123,0.31800845988489007,0.28011060259344017,0.3530372373621801,0.0,0.12280701754385964,0.07951301740823118,BOOTSTRAP_PERTURBATION_LEVEL,Label-shuffled perturbation delta probe permutation 12; replicate upper bound not yet verified. ,12
Norman2019_GEARS_processed_mirror,FP3_label_shuffled_mean_effect,L1,COMPLETED_FALSIFICATION_PERMUTATION,57,0.23736418817137211,0.16310579507877362,0.30838875235478685,,UNVERIFIED,0.003859649122807018,0.0020964912280701754,0.005622807017543863,0.34512169752444355,0.3057242909645656,0.38362457527217253,0.05263157894736842,0.08771929824561403,0.09954854781640964,BOOTSTRAP_PERTURBATION_LEVEL,Label-shuffled perturbation delta probe permutation 13; replicate upper bound not yet verified. ,13
Norman2019_GEARS_processed_mirror,FP3_label_shuffled_mean_effect,L1,COMPLETED_FALSIFICATION_PERMUTATION,57,0.23354133705888888,0.15663319395473807,0.2989569826159155,,UNVERIFIED,0.005614035087719299,0.002798245614035088,0.008771929824561403,0.35046113306982873,0.3155103668261563,0.38890333541363287,0.017543859649122806,0.10526315789473684,0.08302515931671436,BOOTSTRAP_PERTURBATION_LEVEL,Label-shuffled perturbation delta probe permutation 14; replicate upper bound not yet verified. ,14
Norman2019_GEARS_processed_mirror,FP3_label_shuffled_mean_effect,L1,COMPLETED_FALSIFICATION_PERMUTATION,57,0.23753779056793917,0.1751434276763661,0.3003937495710314,,UNVERIFIED,0.0038596491228070177,0.0017543859649122807,0.00631578947368421,0.33832605228486234,0.3018982733513626,0.36816968310103326,0.0,0.03508771929824561,0.0519559492082597,BOOTSTRAP_PERTURBATION_LEVEL,Label-shuffled perturbation delta probe permutation 15; replicate upper bound not yet verified. ,15
Norman2019_GEARS_processed_mirror,FP3_label_shuffled_mean_effect,L1,COMPLETED_FALSIFICATION_PERMUTATION,57,0.25018521363214447,0.18765491365609024,0.33011688554249496,,UNVERIFIED,0.0038596491228070177,0.0014035087719298247,0.00631578947368421,0.33139172040773873,0.28857915539837736,0.3656005131405589,0.03508771929824561,0.08771929824561403,0.09619630044782185,BOOTSTRAP_PERTURBATION_LEVEL,Label-shuffled perturbation delta probe permutation 16; replicate upper bound not yet verified. ,16
Norman2019_GEARS_processed_mirror,FP3_label_shuffled_mean_effect,L1,COMPLETED_FALSIFICATION_PERMUTATION,57,0.23988811921459208,0.1525889121443482,0.3174324815360311,,UNVERIFIED,0.0017543859649122807,0.0007017543859649123,0.003157894736842105,0.3576728382220373,0.31760800221898616,0.40977567436377504,0.0,0.07017543859649122,0.0647011035685766,BOOTSTRAP_PERTURBATION_LEVEL,Label-shuffled perturbation delta probe permutation 17; replicate upper bound not yet verified. ,17
Norman2019_GEARS_processed_mirror,FP3_label_shuffled_mean_effect,L1,COMPLETED_FALSIFICATION_PERMUTATION,57,0.25469943594966993,0.16744659832759523,0.33119044015527727,,UNVERIFIED,0.002105263157894737,0.00035087719298245617,0.003859649122807018,0.33159975036405237,0.29286977324734764,0.37470182372928373,0.07017543859649122,0.14035087719298245,0.12642344016629434,BOOTSTRAP_PERTURBATION_LEVEL,Label-shuffled perturbation delta probe permutation 18; replicate upper bound not yet verified. ,18
Norman2019_GEARS_processed_mirror,FP3_label_shuffled_mean_effect,L1,COMPLETED_FALSIFICATION_PERMUTATION,57,0.2690886342993294,0.1959283311546338,0.33562394686590685,,UNVERIFIED,0.0028070175438596493,0.0014035087719298247,0.004912280701754386,0.3343041397961306,0.2964236183343735,0.3688943207821927,0.017543859649122806,0.14035087719298245,0.09015123347938861,BOOTSTRAP_PERTURBATION_LEVEL,Label-shuffled perturbation delta probe permutation 19; replicate upper bound not yet verified. ,19
Norman2019_GEARS_processed_mirror,FP3_label_shuffled_mean_effect,L1,COMPLETED_FALSIFICATION_PERMUTATION,57,0.26825030060048227,0.203437929077884,0.3302003462857055,,UNVERIFIED,0.003157894736842105,0.0013947368421052635,0.005614035087719299,0.3266070314125234,0.28762395118230366,0.36405935788086813,0.03508771929824561,0.10526315789473684,0.10020507542211539,BOOTSTRAP_PERTURBATION_LEVEL,Label-shuffled perturbation delta probe permutation 20; replicate upper bound not yet verified. ,20
Norman2019_GEARS_processed_mirror,FP3_label_shuffled_mean_effect,L2,COMPLETED_FALSIFICATION_PERMUTATION,33,0.26599065737293137,0.16531736432812522,0.34100593152278624,,UNVERIFIED,0.008484848484848486,0.0036363636363636364,0.015151515151515152,0.32770391663672294,0.28481854114265176,0.3893190801293568,0.06060606060606061,0.21212121212121213,0.1638679039521232,BOOTSTRAP_PERTURBATION_LEVEL,Label-shuffled perturbation delta probe permutation 1; replicate upper bound not yet verified. ,1
Norman2019_GEARS_processed_mirror,FP3_label_shuffled_mean_effect,L2,COMPLETED_FALSIFICATION_PERMUTATION,33,0.2291441811026139,0.1186643362099288,0.30452502690109284,,UNVERIFIED,0.0036363636363636364,0.0012121212121212121,0.006666666666666667,0.35944424481973886,0.3117558989100491,0.4223529764043598,0.030303030303030304,0.18181818181818182,0.13317824790980257,BOOTSTRAP_PERTURBATION_LEVEL,Label-shuffled perturbation delta probe permutation 2; replicate upper bound not yet verified. ,2
Norman2019_GEARS_processed_mirror,FP3_label_shuffled_mean_effect,L2,COMPLETED_FALSIFICATION_PERMUTATION,33,0.21063036745997324,0.10785670946919874,0.28597057226842515,,UNVERIFIED,0.005454545454545454,0.0024090909090909093,0.00910606060606061,0.36339681398969936,0.3125494071146245,0.41993951371421734,0.030303030303030304,0.2727272727272727,0.15516205283252357,BOOTSTRAP_PERTURBATION_LEVEL,Label-shuffled perturbation delta probe permutation 3; replicate upper bound not yet verified. ,3
Norman2019_GEARS_processed_mirror,FP3_label_shuffled_mean_effect,L2,COMPLETED_FALSIFICATION_PERMUTATION,33,0.24484749406385842,0.15375361663591,0.32046827969120173,,UNVERIFIED,0.006666666666666667,0.0030303030303030303,0.010303030303030302,0.35908492034974254,0.3083962151155827,0.41693915438974727,0.0,0.06060606060606061,0.08369865808207133,BOOTSTRAP_PERTURBATION_LEVEL,Label-shuffled perturbation delta probe permutation 4; replicate upper bound not yet verified. ,4
Norman2019_GEARS_processed_mirror,FP3_label_shuffled_mean_effect,L2,COMPLETED_FALSIFICATION_PERMUTATION,33,0.24809230205102842,0.15270475596065586,0.336316284316605,,UNVERIFIED,0.0048484848484848485,0.0018181818181818182,0.00787878787878788,0.34507126601988264,0.2907384117858426,0.40400646784045996,0.09090909090909091,0.21212121212121213,0.18374318996882574,BOOTSTRAP_PERTURBATION_LEVEL,Label-shuffled perturbation delta probe permutation 5; replicate upper bound not yet verified. ,5
Norman2019_GEARS_processed_mirror,FP3_label_shuffled_mean_effect,L2,COMPLETED_FALSIFICATION_PERMUTATION,33,0.20190413124252296,0.10701655451850471,0.27635667401042985,,UNVERIFIED,0.006060606060606061,0.0024242424242424242,0.009712121212121217,0.37273925020960597,0.3245867768595041,0.43263564498742363,0.09090909090909091,0.15151515151515152,0.15520479834326872,BOOTSTRAP_PERTURBATION_LEVEL,Label-shuffled perturbation delta probe permutation 6; replicate upper bound not yet verified. ,6
Norman2019_GEARS_processed_mirror,FP3_label_shuffled_mean_effect,L2,COMPLETED_FALSIFICATION_PERMUTATION,33,0.24909710014158126,0.15870845461882307,0.3338274550092045,,UNVERIFIED,0.0012121212121212121,0.0,0.0030303030303030303,0.3450712660198826,0.29101389387950655,0.3935171876871482,0.09090909090909091,0.18181818181818182,0.1647180425779073,BOOTSTRAP_PERTURBATION_LEVEL,Label-shuffled perturbation delta probe permutation 7; replicate upper bound not yet verified. ,7
Norman2019_GEARS_processed_mirror,FP3_label_shuffled_mean_effect,L2,COMPLETED_FALSIFICATION_PERMUTATION,33,0.28718850551178327,0.1639386664177727,0.3874620958665868,,UNVERIFIED,0.008484848484848486,0.0036363636363636364,0.014560606060606066,0.3261468439334052,0.2705623427955444,0.38938795065277276,0.030303030303030304,0.21212121212121213,0.15050955427520438,BOOTSTRAP_PERTURBATION_LEVEL,Label-shuffled perturbation delta probe permutation 8; replicate upper bound not yet verified. ,8
Norman2019_GEARS_processed_mirror,FP3_label_shuffled_mean_effect,L2,COMPLETED_FALSIFICATION_PERMUTATION,33,0.24502283542896175,0.15554781183297903,0.3255957754649125,,UNVERIFIED,0.007272727272727274,0.004227272727272728,0.010909090909090908,0.3533357288298,0.3021379805964786,0.40487483530961793,0.0,0.09090909090909091,0.08666442421359366,BOOTSTRAP_PERTURBATION_LEVEL,Label-shuffled perturbation delta probe permutation 9; replicate upper bound not yet verified. ,9
Norman2019_GEARS_processed_mirror,FP3_label_shuffled_mean_effect,L2,COMPLETED_FALSIFICATION_PERMUTATION,33,0.1675164761808094,0.07558984755810719,0.25305501153841553,,UNVERIFIED,0.007272727272727274,0.004242424242424243,0.01090909090909091,0.37824889208288415,0.32410767756617553,0.43398610612049343,0.06060606060606061,0.09090909090909091,0.12798909680048656,BOOTSTRAP_PERTURBATION_LEVEL,Label-shuffled perturbation delta probe permutation 10; replicate upper bound not yet verified. ,10
Norman2019_GEARS_processed_mirror,FP3_label_shuffled_mean_effect,L2,COMPLETED_FALSIFICATION_PERMUTATION,33,0.1669238602040008,0.07053639037621841,0.26804762530402854,,UNVERIFIED,0.0048484848484848485,0.0018030303030303033,0.008484848484848486,0.38315965983950173,0.3235058090789316,0.43682177506288183,0.06060606060606061,0.09090909090909091,0.12924899544895674,BOOTSTRAP_PERTURBATION_LEVEL,Label-shuffled perturbation delta probe permutation 11; replicate upper bound not yet verified. ,11
Norman2019_GEARS_processed_mirror,FP3_label_shuffled_mean_effect,L2,COMPLETED_FALSIFICATION_PERMUTATION,33,0.2144416155975409,0.1409683766249967,0.2827852810106035,,UNVERIFIED,0.010303030303030302,0.006060606060606061,0.01515151515151515,0.34555036531321115,0.2990897113426758,0.3910947418852557,0.030303030303030304,0.12121212121212122,0.10385936595422024,BOOTSTRAP_PERTURBATION_LEVEL,Label-shuffled perturbation delta probe permutation 12; replicate upper bound not yet verified. ,12
Norman2019_GEARS_processed_mirror,FP3_label_shuffled_mean_effect,L2,COMPLETED_FALSIFICATION_PERMUTATION,33,0.17204521012607465,0.07531993304403628,0.2602147735198348,,UNVERIFIED,0.0048484848484848485,0.0018181818181818182,0.007287878787878792,0.3972930889926937,0.3477721882860223,0.4556234279554437,0.030303030303030304,0.06060606060606061,0.09837051525121711,BOOTSTRAP_PERTURBATION_LEVEL,Label-shuffled perturbation delta probe permutation 13; replicate upper bound not yet verified. ,13
Norman2019_GEARS_processed_mirror,FP3_label_shuffled_mean_effect,L2,COMPLETED_FALSIFICATION_PERMUTATION,33,0.25218602749162017,0.16493360229297613,0.3231365861063935,,UNVERIFIED,0.004242424242424243,0.0018181818181818182,0.006666666666666667,0.34531081566654687,0.29938315965983947,0.40289855072463776,0.06060606060606061,0.18181818181818182,0.16652948561710088,BOOTSTRAP_PERTURBATION_LEVEL,Label-shuffled perturbation delta probe permutation 14; replicate upper bound not yet verified. ,14
Norman2019_GEARS_processed_mirror,FP3_label_shuffled_mean_effect,L2,COMPLETED_FALSIFICATION_PERMUTATION,33,0.21747366400320042,0.12814762339599356,0.2883601684657905,,UNVERIFIED,0.007272727272727273,0.004242424242424242,0.011515151515151515,0.36435501257635644,0.31678644148999885,0.4161127081087556,0.06060606060606061,0.12121212121212122,0.13765894552279748,BOOTSTRAP_PERTURBATION_LEVEL,Label-shuffled perturbation delta probe permutation 15; replicate upper bound not yet verified. ,15
Norman2019_GEARS_processed_mirror,FP3_label_shuffled_mean_effect,L2,COMPLETED_FALSIFICATION_PERMUTATION,33,0.2068049371986805,0.11648298627390741,0.2749598866515557,,UNVERIFIED,0.005454545454545454,0.0012121212121212121,0.010909090909090908,0.3584860462330818,0.3145915678524374,0.418169840699485,0.030303030303030304,0.15151515151515152,0.13285380110540176,BOOTSTRAP_PERTURBATION_LEVEL,Label-shuffled perturbation delta probe permutation 16; replicate upper bound not yet verified. ,16
Norman2019_GEARS_processed_mirror,FP3_label_shuffled_mean_effect,L2,COMPLETED_FALSIFICATION_PERMUTATION,33,0.28579015890970483,0.17555565975891468,0.38443101332749086,,UNVERIFIED,0.0030303030303030303,0.0006060606060606061,0.00606060606060606,0.32614684393340526,0.26908611809797583,0.3846658282429034,0.0,0.21212121212121213,0.13221763544574378,BOOTSTRAP_PERTURBATION_LEVEL,Label-shuffled perturbation delta probe permutation 17; replicate upper bound not yet verified. ,17
Norman2019_GEARS_processed_mirror,FP3_label_shuffled_mean_effect,L2,COMPLETED_FALSIFICATION_PERMUTATION,33,0.2780673365963625,0.19393299645953754,0.3541266123890927,,UNVERIFIED,0.005454545454545454,0.0024242424242424242,0.009090909090909092,0.3304587375733621,0.2818810636004312,0.38320158102766794,0.030303030303030304,0.15151515151515152,0.12497079333983026,BOOTSTRAP_PERTURBATION_LEVEL,Label-shuffled perturbation delta probe permutation 18; replicate upper bound not yet verified. ,18
Norman2019_GEARS_processed_mirror,FP3_label_shuffled_mean_effect,L2,COMPLETED_FALSIFICATION_PERMUTATION,33,0.18390183841804236,0.0910744348949179,0.2551049590357472,,UNVERIFIED,0.0048484848484848485,0.0024242424242424242,0.007893939393939398,0.3758533956162414,0.3370283866331297,0.4235567133788478,0.030303030303030304,0.06060606060606061,0.09012705854938079,BOOTSTRAP_PERTURBATION_LEVEL,Label-shuffled perturbation delta probe permutation 19; replicate upper bound not yet verified. ,19
Norman2019_GEARS_processed_mirror,FP3_label_shuffled_mean_effect,L2,COMPLETED_FALSIFICATION_PERMUTATION,33,0.20893274586950092,0.12672063311567222,0.27583750021848896,,UNVERIFIED,0.007272727272727273,0.0030303030303030303,0.012742424242424246,0.36687028386633125,0.3237423643550126,0.41269313690262305,0.0,0.15151515151515152,0.08280360414331314,BOOTSTRAP_PERTURBATION_LEVEL,Label-shuffled perturbation delta probe permutation 20; replicate upper bound not yet verified. ,20
