dataset,model,split,status,n_test_perturbations,pearson_delta,pearson_delta_ci95_low,pearson_delta_ci95_high,bns,bns_status,UER_at_50,UER_at_50_ci95_low,UER_at_50_ci95_high,sign_flip_rate,sign_flip_rate_ci95_low,sign_flip_rate_ci95_high,retrieval_top1_accuracy,retrieval_top5_accuracy,retrieval_mrr,uncertainty_status,notes,seed
Norman2019_GEARS_processed_mirror,B0_no_change,L1,COMPLETED_SEED_ROBUSTNESS,57,,,,,UNVERIFIED,0.5273684210526316,0.5195964912280701,0.5361403508771929,1.0,1.0,1.0,,,,NO_FINITE_VALUES,Baseline pseudobulk pilot; replicate upper bound not yet verified. Delta Pearson undefined for zero-vector prediction.,1
Norman2019_GEARS_processed_mirror,B1_global_perturbed_mean,L1,COMPLETED_SEED_ROBUSTNESS,57,0.5072577375702244,0.4344409903506998,0.5680716743662677,,UNVERIFIED,0.0007017543859649123,0.0,0.0017543859649122807,0.20386935718743504,0.1720303723736218,0.24622078912696765,0.017543859649122806,0.08771929824561403,0.08121075814793602,BOOTSTRAP_PERTURBATION_LEVEL,Baseline pseudobulk pilot; replicate upper bound not yet verified. ,1
Norman2019_GEARS_processed_mirror,B2_context_matched_perturbed_mean,L1,COMPLETED_SEED_ROBUSTNESS,57,0.5072577375702244,0.4344409903506998,0.5680716743662677,,UNVERIFIED,0.0007017543859649123,0.0,0.0017543859649122807,0.20386935718743504,0.1720303723736218,0.24622078912696765,0.017543859649122806,0.08771929824561403,0.08121075814793602,BOOTSTRAP_PERTURBATION_LEVEL,Baseline pseudobulk pilot; replicate upper bound not yet verified. ,1
Norman2019_GEARS_processed_mirror,B3_additive_seen_component,L1,COMPLETED_SEED_ROBUSTNESS,57,0.7680984806067926,0.7037049389388499,0.8219555500488424,,UNVERIFIED,0.00035087719298245617,0.0,0.0010526315789473684,0.10886901047084113,0.07677518896054365,0.14429304486512726,0.5789473684210527,0.7543859649122807,0.6668475202228062,BOOTSTRAP_PERTURBATION_LEVEL,Baseline pseudobulk pilot; replicate upper bound not yet verified. ,1
Norman2019_GEARS_processed_mirror,B4_pca_ridge,L1,COMPLETED_SEED_ROBUSTNESS,57,0.6685831418510988,0.6080100035345536,0.7252761846389517,,UNVERIFIED,0.0007017543859649123,0.0,0.0017543859649122807,0.12960266278344082,0.09973822897163857,0.16097531377851743,0.2631578947368421,0.5263157894736842,0.3833236245053655,BOOTSTRAP_PERTURBATION_LEVEL,Baseline pseudobulk pilot; replicate upper bound not yet verified. ,1
Norman2019_GEARS_processed_mirror,B5_mean_effect,L1,COMPLETED_SEED_ROBUSTNESS,57,0.5072577375702244,0.4344409903506998,0.5680716743662677,,UNVERIFIED,0.0007017543859649123,0.0,0.0017543859649122807,0.20386935718743504,0.1720303723736218,0.24622078912696765,0.017543859649122806,0.08771929824561403,0.08121075814793602,BOOTSTRAP_PERTURBATION_LEVEL,Baseline pseudobulk pilot; replicate upper bound not yet verified. ,1
Norman2019_GEARS_processed_mirror,FP1_perturbation_blind_mean_effect,L1,COMPLETED_SEED_ROBUSTNESS,57,0.5072577375702244,0.4344409903506998,0.5680716743662677,,UNVERIFIED,0.0007017543859649123,0.0,0.0017543859649122807,0.20386935718743504,0.1720303723736218,0.24622078912696765,0.017543859649122806,0.08771929824561403,0.08121075814793602,BOOTSTRAP_PERTURBATION_LEVEL,Perturbation-blind mean-effect shortcut probe; replicate upper bound not yet verified. ,1
Norman2019_GEARS_processed_mirror,FP2_cell_state_blind_additive,L1,COMPLETED_SEED_ROBUSTNESS,57,0.7680984806067926,0.7037049389388499,0.8219555500488424,,UNVERIFIED,0.00035087719298245617,0.0,0.0010526315789473684,0.10886901047084113,0.07677518896054365,0.14429304486512726,0.5789473684210527,0.7543859649122807,0.6668475202228062,BOOTSTRAP_PERTURBATION_LEVEL,Cell-state-blind additive perturbation identity probe; replicate upper bound not yet verified. ,1
Norman2019_GEARS_processed_mirror,B0_no_change,L2,COMPLETED_SEED_ROBUSTNESS,33,,,,,UNVERIFIED,0.5296969696969697,0.5193939393939394,0.5412272727272727,1.0,1.0,1.0,,,,NO_FINITE_VALUES,Baseline pseudobulk pilot; replicate upper bound not yet verified. Delta Pearson undefined for zero-vector prediction.,1
Norman2019_GEARS_processed_mirror,B1_global_perturbed_mean,L2,COMPLETED_SEED_ROBUSTNESS,33,0.4343986194829497,0.31040332099262946,0.5168312562022686,,UNVERIFIED,0.0018181818181818182,0.0,0.003636363636363637,0.22002635046113306,0.16753802850640792,0.29154090310216796,0.030303030303030304,0.15151515151515152,0.12390297653756213,BOOTSTRAP_PERTURBATION_LEVEL,Baseline pseudobulk pilot; replicate upper bound not yet verified. ,1
Norman2019_GEARS_processed_mirror,B2_context_matched_perturbed_mean,L2,COMPLETED_SEED_ROBUSTNESS,33,0.4343986194829497,0.31040332099262946,0.5168312562022686,,UNVERIFIED,0.0018181818181818182,0.0,0.003636363636363637,0.22002635046113306,0.16753802850640792,0.29154090310216796,0.030303030303030304,0.15151515151515152,0.12390297653756213,BOOTSTRAP_PERTURBATION_LEVEL,Baseline pseudobulk pilot; replicate upper bound not yet verified. ,1
Norman2019_GEARS_processed_mirror,B3_additive_seen_component,L2,COMPLETED_SEED_ROBUSTNESS,33,0.4343986194829497,0.31040332099262946,0.5168312562022686,,UNVERIFIED,0.0018181818181818182,0.0,0.003636363636363637,0.22002635046113306,0.16753802850640792,0.29154090310216796,0.030303030303030304,0.15151515151515152,0.12390297653756213,BOOTSTRAP_PERTURBATION_LEVEL,Baseline pseudobulk pilot; replicate upper bound not yet verified. ,1
Norman2019_GEARS_processed_mirror,B4_pca_ridge,L2,COMPLETED_SEED_ROBUSTNESS,33,0.46457283015820466,0.3369059971687674,0.5577716851540655,,UNVERIFIED,0.0012121212121212121,0.0,0.0030303030303030303,0.21463648341118696,0.15901006108515986,0.28530362917714697,0.030303030303030304,0.15151515151515152,0.12390297653756216,BOOTSTRAP_PERTURBATION_LEVEL,Baseline pseudobulk pilot; replicate upper bound not yet verified. ,1
Norman2019_GEARS_processed_mirror,B5_mean_effect,L2,COMPLETED_SEED_ROBUSTNESS,33,0.4343986194829497,0.31040332099262946,0.5168312562022686,,UNVERIFIED,0.0018181818181818182,0.0,0.003636363636363637,0.22002635046113306,0.16753802850640792,0.29154090310216796,0.030303030303030304,0.15151515151515152,0.12390297653756213,BOOTSTRAP_PERTURBATION_LEVEL,Baseline pseudobulk pilot; replicate upper bound not yet verified. ,1
Norman2019_GEARS_processed_mirror,FP1_perturbation_blind_mean_effect,L2,COMPLETED_SEED_ROBUSTNESS,33,0.4343986194829497,0.31040332099262946,0.5168312562022686,,UNVERIFIED,0.0018181818181818182,0.0,0.003636363636363637,0.22002635046113306,0.16753802850640792,0.29154090310216796,0.030303030303030304,0.15151515151515152,0.12390297653756213,BOOTSTRAP_PERTURBATION_LEVEL,Perturbation-blind mean-effect shortcut probe; replicate upper bound not yet verified. ,1
Norman2019_GEARS_processed_mirror,FP2_cell_state_blind_additive,L2,COMPLETED_SEED_ROBUSTNESS,33,0.4343986194829497,0.31040332099262946,0.5168312562022686,,UNVERIFIED,0.0018181818181818182,0.0,0.003636363636363637,0.22002635046113306,0.16753802850640792,0.29154090310216796,0.030303030303030304,0.15151515151515152,0.12390297653756213,BOOTSTRAP_PERTURBATION_LEVEL,Cell-state-blind additive perturbation identity probe; replicate upper bound not yet verified. ,1
Norman2019_GEARS_processed_mirror,B0_no_change,L3,COMPLETED_SEED_ROBUSTNESS,25,,,,,UNVERIFIED,0.512,0.4984,0.52482,1.0,1.0,1.0,,,,NO_FINITE_VALUES,Baseline pseudobulk pilot; replicate upper bound not yet verified. Delta Pearson undefined for zero-vector prediction.,1
Norman2019_GEARS_processed_mirror,B1_global_perturbed_mean,L3,COMPLETED_SEED_ROBUSTNESS,25,0.3451781200550119,0.20829869230339945,0.49775473571703965,,UNVERIFIED,0.0008,0.0,0.0024,0.2532806324110672,0.16424505928853753,0.33677470355731226,0.04,0.2,0.15263832711014025,BOOTSTRAP_PERTURBATION_LEVEL,Baseline pseudobulk pilot; replicate upper bound not yet verified. ,1
Norman2019_GEARS_processed_mirror,B2_context_matched_perturbed_mean,L3,COMPLETED_SEED_ROBUSTNESS,25,0.3451781200550119,0.20829869230339945,0.49775473571703965,,UNVERIFIED,0.0008,0.0,0.0024,0.2532806324110672,0.16424505928853753,0.33677470355731226,0.04,0.2,0.15263832711014025,BOOTSTRAP_PERTURBATION_LEVEL,Baseline pseudobulk pilot; replicate upper bound not yet verified. ,1
Norman2019_GEARS_processed_mirror,B3_additive_seen_component,L3,COMPLETED_SEED_ROBUSTNESS,25,0.3451781200550119,0.20829869230339945,0.49775473571703965,,UNVERIFIED,0.0008,0.0,0.0024,0.2532806324110672,0.16424505928853753,0.33677470355731226,0.04,0.2,0.15263832711014025,BOOTSTRAP_PERTURBATION_LEVEL,Baseline pseudobulk pilot; replicate upper bound not yet verified. ,1
Norman2019_GEARS_processed_mirror,B4_pca_ridge,L3,COMPLETED_SEED_ROBUSTNESS,25,0.3861936392798895,0.24065603318104303,0.5490157198782035,,UNVERIFIED,0.0008,0.0,0.0024,0.24126482213438735,0.1489209486166008,0.3271462450592886,0.04,0.2,0.15263832711014028,BOOTSTRAP_PERTURBATION_LEVEL,Baseline pseudobulk pilot; replicate upper bound not yet verified. ,1
Norman2019_GEARS_processed_mirror,B5_mean_effect,L3,COMPLETED_SEED_ROBUSTNESS,25,0.3451781200550119,0.20829869230339945,0.49775473571703965,,UNVERIFIED,0.0008,0.0,0.0024,0.2532806324110672,0.16424505928853753,0.33677470355731226,0.04,0.2,0.15263832711014025,BOOTSTRAP_PERTURBATION_LEVEL,Baseline pseudobulk pilot; replicate upper bound not yet verified. ,1
Norman2019_GEARS_processed_mirror,FP1_perturbation_blind_mean_effect,L3,COMPLETED_SEED_ROBUSTNESS,25,0.3451781200550119,0.20829869230339945,0.49775473571703965,,UNVERIFIED,0.0008,0.0,0.0024,0.2532806324110672,0.16424505928853753,0.33677470355731226,0.04,0.2,0.15263832711014025,BOOTSTRAP_PERTURBATION_LEVEL,Perturbation-blind mean-effect shortcut probe; replicate upper bound not yet verified. ,1
Norman2019_GEARS_processed_mirror,FP2_cell_state_blind_additive,L3,COMPLETED_SEED_ROBUSTNESS,25,0.3451781200550119,0.20829869230339945,0.49775473571703965,,UNVERIFIED,0.0008,0.0,0.0024,0.2532806324110672,0.16424505928853753,0.33677470355731226,0.04,0.2,0.15263832711014025,BOOTSTRAP_PERTURBATION_LEVEL,Cell-state-blind additive perturbation identity probe; replicate upper bound not yet verified. ,1
Norman2019_GEARS_processed_mirror,B0_no_change,L1,COMPLETED_SEED_ROBUSTNESS,57,,,,,UNVERIFIED,0.5224561403508772,0.5112280701754386,0.5340438596491228,1.0,1.0,1.0,,,,NO_FINITE_VALUES,Baseline pseudobulk pilot; replicate upper bound not yet verified. Delta Pearson undefined for zero-vector prediction.,2
Norman2019_GEARS_processed_mirror,B1_global_perturbed_mean,L1,COMPLETED_SEED_ROBUSTNESS,57,0.5047986012656012,0.44171044665466297,0.5666251094526078,,UNVERIFIED,0.002105263157894737,0.00035087719298245617,0.004210526315789474,0.19901532487344847,0.1650388322585119,0.23757367727619447,0.017543859649122806,0.08771929824561403,0.08121075814793602,BOOTSTRAP_PERTURBATION_LEVEL,Baseline pseudobulk pilot; replicate upper bound not yet verified. ,2
Norman2019_GEARS_processed_mirror,B2_context_matched_perturbed_mean,L1,COMPLETED_SEED_ROBUSTNESS,57,0.5047986012656012,0.44171044665466297,0.5666251094526078,,UNVERIFIED,0.002105263157894737,0.00035087719298245617,0.004210526315789474,0.19901532487344847,0.1650388322585119,0.23757367727619447,0.017543859649122806,0.08771929824561403,0.08121075814793602,BOOTSTRAP_PERTURBATION_LEVEL,Baseline pseudobulk pilot; replicate upper bound not yet verified. ,2
Norman2019_GEARS_processed_mirror,B3_additive_seen_component,L1,COMPLETED_SEED_ROBUSTNESS,57,0.733020577407532,0.6566730974740197,0.7971667452523827,,UNVERIFIED,0.0014035087719298247,0.0,0.0035087719298245615,0.10512447125719436,0.07257818459191456,0.13976492614936553,0.5087719298245614,0.6842105263157895,0.5937002377763198,BOOTSTRAP_PERTURBATION_LEVEL,Baseline pseudobulk pilot; replicate upper bound not yet verified. ,2
Norman2019_GEARS_processed_mirror,B4_pca_ridge,L1,COMPLETED_SEED_ROBUSTNESS,57,0.6314762101001298,0.5586482562197409,0.7004136463974201,,UNVERIFIED,0.0028070175438596493,0.0010526315789473684,0.005263157894736843,0.14645308924485123,0.10931974204285416,0.1836297760210804,0.22807017543859648,0.43859649122807015,0.35000758006381755,BOOTSTRAP_PERTURBATION_LEVEL,Baseline pseudobulk pilot; replicate upper bound not yet verified. ,2
Norman2019_GEARS_processed_mirror,B5_mean_effect,L1,COMPLETED_SEED_ROBUSTNESS,57,0.5047986012656012,0.44171044665466297,0.5666251094526078,,UNVERIFIED,0.002105263157894737,0.00035087719298245617,0.004210526315789474,0.19901532487344847,0.1650388322585119,0.23757367727619447,0.017543859649122806,0.08771929824561403,0.08121075814793602,BOOTSTRAP_PERTURBATION_LEVEL,Baseline pseudobulk pilot; replicate upper bound not yet verified. ,2
Norman2019_GEARS_processed_mirror,FP1_perturbation_blind_mean_effect,L1,COMPLETED_SEED_ROBUSTNESS,57,0.5047986012656012,0.44171044665466297,0.5666251094526078,,UNVERIFIED,0.002105263157894737,0.00035087719298245617,0.004210526315789474,0.19901532487344847,0.1650388322585119,0.23757367727619447,0.017543859649122806,0.08771929824561403,0.08121075814793602,BOOTSTRAP_PERTURBATION_LEVEL,Perturbation-blind mean-effect shortcut probe; replicate upper bound not yet verified. ,2
Norman2019_GEARS_processed_mirror,FP2_cell_state_blind_additive,L1,COMPLETED_SEED_ROBUSTNESS,57,0.733020577407532,0.6566730974740197,0.7971667452523827,,UNVERIFIED,0.0014035087719298247,0.0,0.0035087719298245615,0.10512447125719436,0.07257818459191456,0.13976492614936553,0.5087719298245614,0.6842105263157895,0.5937002377763198,BOOTSTRAP_PERTURBATION_LEVEL,Cell-state-blind additive perturbation identity probe; replicate upper bound not yet verified. ,2
Norman2019_GEARS_processed_mirror,B0_no_change,L2,COMPLETED_SEED_ROBUSTNESS,35,,,,,UNVERIFIED,0.5142857142857142,0.5039857142857143,0.5262857142857142,1.0,1.0,1.0,,,,NO_FINITE_VALUES,Baseline pseudobulk pilot; replicate upper bound not yet verified. Delta Pearson undefined for zero-vector prediction.,2
Norman2019_GEARS_processed_mirror,B1_global_perturbed_mean,L2,COMPLETED_SEED_ROBUSTNESS,35,0.3637220170213874,0.25980100570665804,0.4416815874744432,,UNVERIFIED,0.002285714285714286,0.0005714285714285715,0.004571428571428572,0.2779220779220779,0.23308865047995486,0.3395087521174478,0.02857142857142857,0.14285714285714285,0.11847946911476746,BOOTSTRAP_PERTURBATION_LEVEL,Baseline pseudobulk pilot; replicate upper bound not yet verified. ,2
Norman2019_GEARS_processed_mirror,B2_context_matched_perturbed_mean,L2,COMPLETED_SEED_ROBUSTNESS,35,0.3637220170213874,0.25980100570665804,0.4416815874744432,,UNVERIFIED,0.002285714285714286,0.0005714285714285715,0.004571428571428572,0.2779220779220779,0.23308865047995486,0.3395087521174478,0.02857142857142857,0.14285714285714285,0.11847946911476746,BOOTSTRAP_PERTURBATION_LEVEL,Baseline pseudobulk pilot; replicate upper bound not yet verified. ,2
Norman2019_GEARS_processed_mirror,B3_additive_seen_component,L2,COMPLETED_SEED_ROBUSTNESS,35,0.3637220170213874,0.25980100570665804,0.4416815874744432,,UNVERIFIED,0.002285714285714286,0.0005714285714285715,0.004571428571428572,0.2779220779220779,0.23308865047995486,0.3395087521174478,0.02857142857142857,0.14285714285714285,0.11847946911476746,BOOTSTRAP_PERTURBATION_LEVEL,Baseline pseudobulk pilot; replicate upper bound not yet verified. ,2
Norman2019_GEARS_processed_mirror,B4_pca_ridge,L2,COMPLETED_SEED_ROBUSTNESS,35,0.38316788925569717,0.2763446839118508,0.4658820843629315,,UNVERIFIED,0.0017142857142857142,0.0,0.004,0.26640316205533593,0.2222360248447205,0.33158667419536986,0.02857142857142857,0.14285714285714285,0.11847946911476748,BOOTSTRAP_PERTURBATION_LEVEL,Baseline pseudobulk pilot; replicate upper bound not yet verified. ,2
Norman2019_GEARS_processed_mirror,B5_mean_effect,L2,COMPLETED_SEED_ROBUSTNESS,35,0.3637220170213874,0.25980100570665804,0.4416815874744432,,UNVERIFIED,0.002285714285714286,0.0005714285714285715,0.004571428571428572,0.2779220779220779,0.23308865047995486,0.3395087521174478,0.02857142857142857,0.14285714285714285,0.11847946911476746,BOOTSTRAP_PERTURBATION_LEVEL,Baseline pseudobulk pilot; replicate upper bound not yet verified. ,2
Norman2019_GEARS_processed_mirror,FP1_perturbation_blind_mean_effect,L2,COMPLETED_SEED_ROBUSTNESS,35,0.3637220170213874,0.25980100570665804,0.4416815874744432,,UNVERIFIED,0.002285714285714286,0.0005714285714285715,0.004571428571428572,0.2779220779220779,0.23308865047995486,0.3395087521174478,0.02857142857142857,0.14285714285714285,0.11847946911476746,BOOTSTRAP_PERTURBATION_LEVEL,Perturbation-blind mean-effect shortcut probe; replicate upper bound not yet verified. ,2
Norman2019_GEARS_processed_mirror,FP2_cell_state_blind_additive,L2,COMPLETED_SEED_ROBUSTNESS,35,0.3637220170213874,0.25980100570665804,0.4416815874744432,,UNVERIFIED,0.002285714285714286,0.0005714285714285715,0.004571428571428572,0.2779220779220779,0.23308865047995486,0.3395087521174478,0.02857142857142857,0.14285714285714285,0.11847946911476746,BOOTSTRAP_PERTURBATION_LEVEL,Cell-state-blind additive perturbation identity probe; replicate upper bound not yet verified. ,2
Norman2019_GEARS_processed_mirror,B0_no_change,L3,COMPLETED_SEED_ROBUSTNESS,25,,,,,UNVERIFIED,0.5368,0.5192,0.5536,1.0,1.0,1.0,,,,NO_FINITE_VALUES,Baseline pseudobulk pilot; replicate upper bound not yet verified. Delta Pearson undefined for zero-vector prediction.,2
Norman2019_GEARS_processed_mirror,B1_global_perturbed_mean,L3,COMPLETED_SEED_ROBUSTNESS,25,0.45640992179149925,0.3705516537857231,0.5367253432059413,,UNVERIFIED,0.0008,0.0,0.0024,0.1892490118577075,0.16141897233201583,0.21538339920948613,0.04,0.2,0.15263832711014025,BOOTSTRAP_PERTURBATION_LEVEL,Baseline pseudobulk pilot; replicate upper bound not yet verified. ,2
Norman2019_GEARS_processed_mirror,B2_context_matched_perturbed_mean,L3,COMPLETED_SEED_ROBUSTNESS,25,0.45640992179149925,0.3705516537857231,0.5367253432059413,,UNVERIFIED,0.0008,0.0,0.0024,0.1892490118577075,0.16141897233201583,0.21538339920948613,0.04,0.2,0.15263832711014025,BOOTSTRAP_PERTURBATION_LEVEL,Baseline pseudobulk pilot; replicate upper bound not yet verified. ,2
Norman2019_GEARS_processed_mirror,B3_additive_seen_component,L3,COMPLETED_SEED_ROBUSTNESS,25,0.45640992179149925,0.3705516537857231,0.5367253432059413,,UNVERIFIED,0.0008,0.0,0.0024,0.1892490118577075,0.16141897233201583,0.21538339920948613,0.04,0.2,0.15263832711014025,BOOTSTRAP_PERTURBATION_LEVEL,Baseline pseudobulk pilot; replicate upper bound not yet verified. ,2
Norman2019_GEARS_processed_mirror,B4_pca_ridge,L3,COMPLETED_SEED_ROBUSTNESS,25,0.4931336646384689,0.4238175935165967,0.5589697656126199,,UNVERIFIED,0.0008,0.0,0.0024,0.18071146245059289,0.15539130434782605,0.20634782608695654,0.04,0.2,0.15263832711014028,BOOTSTRAP_PERTURBATION_LEVEL,Baseline pseudobulk pilot; replicate upper bound not yet verified. ,2
Norman2019_GEARS_processed_mirror,B5_mean_effect,L3,COMPLETED_SEED_ROBUSTNESS,25,0.45640992179149925,0.3705516537857231,0.5367253432059413,,UNVERIFIED,0.0008,0.0,0.0024,0.1892490118577075,0.16141897233201583,0.21538339920948613,0.04,0.2,0.15263832711014025,BOOTSTRAP_PERTURBATION_LEVEL,Baseline pseudobulk pilot; replicate upper bound not yet verified. ,2
Norman2019_GEARS_processed_mirror,FP1_perturbation_blind_mean_effect,L3,COMPLETED_SEED_ROBUSTNESS,25,0.45640992179149925,0.3705516537857231,0.5367253432059413,,UNVERIFIED,0.0008,0.0,0.0024,0.1892490118577075,0.16141897233201583,0.21538339920948613,0.04,0.2,0.15263832711014025,BOOTSTRAP_PERTURBATION_LEVEL,Perturbation-blind mean-effect shortcut probe; replicate upper bound not yet verified. ,2
Norman2019_GEARS_processed_mirror,FP2_cell_state_blind_additive,L3,COMPLETED_SEED_ROBUSTNESS,25,0.45640992179149925,0.3705516537857231,0.5367253432059413,,UNVERIFIED,0.0008,0.0,0.0024,0.1892490118577075,0.16141897233201583,0.21538339920948613,0.04,0.2,0.15263832711014025,BOOTSTRAP_PERTURBATION_LEVEL,Cell-state-blind additive perturbation identity probe; replicate upper bound not yet verified. ,2
Norman2019_GEARS_processed_mirror,B0_no_change,L1,COMPLETED_SEED_ROBUSTNESS,57,,,,,UNVERIFIED,0.5287719298245614,0.5185877192982457,0.5403684210526316,1.0,1.0,1.0,,,,NO_FINITE_VALUES,Baseline pseudobulk pilot; replicate upper bound not yet verified. Delta Pearson undefined for zero-vector prediction.,3
Norman2019_GEARS_processed_mirror,B1_global_perturbed_mean,L1,COMPLETED_SEED_ROBUSTNESS,57,0.5174090217043377,0.44456132303063756,0.5809038721378091,,UNVERIFIED,0.0010526315789473684,0.0,0.002456140350877193,0.19423063587823314,0.1646574440052701,0.23494903266070313,0.017543859649122806,0.08771929824561403,0.08121075814793602,BOOTSTRAP_PERTURBATION_LEVEL,Baseline pseudobulk pilot; replicate upper bound not yet verified. ,3
Norman2019_GEARS_processed_mirror,B2_context_matched_perturbed_mean,L1,COMPLETED_SEED_ROBUSTNESS,57,0.5174090217043377,0.44456132303063756,0.5809038721378091,,UNVERIFIED,0.0010526315789473684,0.0,0.002456140350877193,0.19423063587823314,0.1646574440052701,0.23494903266070313,0.017543859649122806,0.08771929824561403,0.08121075814793602,BOOTSTRAP_PERTURBATION_LEVEL,Baseline pseudobulk pilot; replicate upper bound not yet verified. ,3
Norman2019_GEARS_processed_mirror,B3_additive_seen_component,L1,COMPLETED_SEED_ROBUSTNESS,57,0.7237752755935586,0.6439864217639034,0.7882686116796965,,UNVERIFIED,0.0007017543859649123,0.0,0.0017543859649122807,0.12239095763123221,0.08823763955342902,0.1718760834893558,0.5964912280701754,0.7192982456140351,0.6623242272441932,BOOTSTRAP_PERTURBATION_LEVEL,Baseline pseudobulk pilot; replicate upper bound not yet verified. ,3
Norman2019_GEARS_processed_mirror,B4_pca_ridge,L1,COMPLETED_SEED_ROBUSTNESS,57,0.6354859724220314,0.5561471949141479,0.705965875625346,,UNVERIFIED,0.0010526315789473684,0.0,0.002456140350877193,0.14582899937591012,0.11367623604465711,0.1891980445184107,0.22807017543859648,0.40350877192982454,0.33881265857955833,BOOTSTRAP_PERTURBATION_LEVEL,Baseline pseudobulk pilot; replicate upper bound not yet verified. ,3
Norman2019_GEARS_processed_mirror,B5_mean_effect,L1,COMPLETED_SEED_ROBUSTNESS,57,0.5174090217043377,0.44456132303063756,0.5809038721378091,,UNVERIFIED,0.0010526315789473684,0.0,0.002456140350877193,0.19423063587823314,0.1646574440052701,0.23494903266070313,0.017543859649122806,0.08771929824561403,0.08121075814793602,BOOTSTRAP_PERTURBATION_LEVEL,Baseline pseudobulk pilot; replicate upper bound not yet verified. ,3
Norman2019_GEARS_processed_mirror,FP1_perturbation_blind_mean_effect,L1,COMPLETED_SEED_ROBUSTNESS,57,0.5174090217043377,0.44456132303063756,0.5809038721378091,,UNVERIFIED,0.0010526315789473684,0.0,0.002456140350877193,0.19423063587823314,0.1646574440052701,0.23494903266070313,0.017543859649122806,0.08771929824561403,0.08121075814793602,BOOTSTRAP_PERTURBATION_LEVEL,Perturbation-blind mean-effect shortcut probe; replicate upper bound not yet verified. ,3
Norman2019_GEARS_processed_mirror,FP2_cell_state_blind_additive,L1,COMPLETED_SEED_ROBUSTNESS,57,0.7237752755935586,0.6439864217639034,0.7882686116796965,,UNVERIFIED,0.0007017543859649123,0.0,0.0017543859649122807,0.12239095763123221,0.08823763955342902,0.1718760834893558,0.5964912280701754,0.7192982456140351,0.6623242272441932,BOOTSTRAP_PERTURBATION_LEVEL,Cell-state-blind additive perturbation identity probe; replicate upper bound not yet verified. ,3
Norman2019_GEARS_processed_mirror,B0_no_change,L2,COMPLETED_SEED_ROBUSTNESS,40,,,,,UNVERIFIED,0.5165,0.5059875,0.5265125,1.0,1.0,1.0,,,,NO_FINITE_VALUES,Baseline pseudobulk pilot; replicate upper bound not yet verified. Delta Pearson undefined for zero-vector prediction.,3
Norman2019_GEARS_processed_mirror,B1_global_perturbed_mean,L2,COMPLETED_SEED_ROBUSTNESS,40,0.47902917716143933,0.4122936893631452,0.5434658274558668,,UNVERIFIED,0.0025,0.001,0.005,0.2212450592885375,0.18406373517786562,0.264671442687747,0.025,0.125,0.1069635759734094,BOOTSTRAP_PERTURBATION_LEVEL,Baseline pseudobulk pilot; replicate upper bound not yet verified. ,3
Norman2019_GEARS_processed_mirror,B2_context_matched_perturbed_mean,L2,COMPLETED_SEED_ROBUSTNESS,40,0.47902917716143933,0.4122936893631452,0.5434658274558668,,UNVERIFIED,0.0025,0.001,0.005,0.2212450592885375,0.18406373517786562,0.264671442687747,0.025,0.125,0.1069635759734094,BOOTSTRAP_PERTURBATION_LEVEL,Baseline pseudobulk pilot; replicate upper bound not yet verified. ,3
Norman2019_GEARS_processed_mirror,B3_additive_seen_component,L2,COMPLETED_SEED_ROBUSTNESS,40,0.47902917716143933,0.4122936893631452,0.5434658274558668,,UNVERIFIED,0.0025,0.001,0.005,0.2212450592885375,0.18406373517786562,0.264671442687747,0.025,0.125,0.1069635759734094,BOOTSTRAP_PERTURBATION_LEVEL,Baseline pseudobulk pilot; replicate upper bound not yet verified. ,3
Norman2019_GEARS_processed_mirror,B4_pca_ridge,L2,COMPLETED_SEED_ROBUSTNESS,40,0.49878189237547393,0.42685031837255927,0.5652612582263146,,UNVERIFIED,0.001,0.0,0.0025,0.20632411067193673,0.16817193675889328,0.2523764822134388,0.025,0.125,0.1069635759734094,BOOTSTRAP_PERTURBATION_LEVEL,Baseline pseudobulk pilot; replicate upper bound not yet verified. ,3
Norman2019_GEARS_processed_mirror,B5_mean_effect,L2,COMPLETED_SEED_ROBUSTNESS,40,0.47902917716143933,0.4122936893631452,0.5434658274558668,,UNVERIFIED,0.0025,0.001,0.005,0.2212450592885375,0.18406373517786562,0.264671442687747,0.025,0.125,0.1069635759734094,BOOTSTRAP_PERTURBATION_LEVEL,Baseline pseudobulk pilot; replicate upper bound not yet verified. ,3
Norman2019_GEARS_processed_mirror,FP1_perturbation_blind_mean_effect,L2,COMPLETED_SEED_ROBUSTNESS,40,0.47902917716143933,0.4122936893631452,0.5434658274558668,,UNVERIFIED,0.0025,0.001,0.005,0.2212450592885375,0.18406373517786562,0.264671442687747,0.025,0.125,0.1069635759734094,BOOTSTRAP_PERTURBATION_LEVEL,Perturbation-blind mean-effect shortcut probe; replicate upper bound not yet verified. ,3
Norman2019_GEARS_processed_mirror,FP2_cell_state_blind_additive,L2,COMPLETED_SEED_ROBUSTNESS,40,0.47902917716143933,0.4122936893631452,0.5434658274558668,,UNVERIFIED,0.0025,0.001,0.005,0.2212450592885375,0.18406373517786562,0.264671442687747,0.025,0.125,0.1069635759734094,BOOTSTRAP_PERTURBATION_LEVEL,Cell-state-blind additive perturbation identity probe; replicate upper bound not yet verified. ,3
Norman2019_GEARS_processed_mirror,B0_no_change,L3,COMPLETED_SEED_ROBUSTNESS,23,,,,,UNVERIFIED,0.5165217391304349,0.5017173913043478,0.529608695652174,1.0,1.0,1.0,,,,NO_FINITE_VALUES,Baseline pseudobulk pilot; replicate upper bound not yet verified. Delta Pearson undefined for zero-vector prediction.,3
Norman2019_GEARS_processed_mirror,B1_global_perturbed_mean,L3,COMPLETED_SEED_ROBUSTNESS,23,0.3236237978368737,0.1596049215266497,0.4918193475391411,,UNVERIFIED,0.0008695652173913044,0.0,0.002608695652173913,0.27736724523113937,0.19447499570372911,0.36892077676576723,0.043478260869565216,0.21739130434782608,0.1623605004820365,BOOTSTRAP_PERTURBATION_LEVEL,Baseline pseudobulk pilot; replicate upper bound not yet verified. ,3
Norman2019_GEARS_processed_mirror,B2_context_matched_perturbed_mean,L3,COMPLETED_SEED_ROBUSTNESS,23,0.3236237978368737,0.1596049215266497,0.4918193475391411,,UNVERIFIED,0.0008695652173913044,0.0,0.002608695652173913,0.27736724523113937,0.19447499570372911,0.36892077676576723,0.043478260869565216,0.21739130434782608,0.1623605004820365,BOOTSTRAP_PERTURBATION_LEVEL,Baseline pseudobulk pilot; replicate upper bound not yet verified. ,3
Norman2019_GEARS_processed_mirror,B3_additive_seen_component,L3,COMPLETED_SEED_ROBUSTNESS,23,0.3236237978368737,0.1596049215266497,0.4918193475391411,,UNVERIFIED,0.0008695652173913044,0.0,0.002608695652173913,0.27736724523113937,0.19447499570372911,0.36892077676576723,0.043478260869565216,0.21739130434782608,0.1623605004820365,BOOTSTRAP_PERTURBATION_LEVEL,Baseline pseudobulk pilot; replicate upper bound not yet verified. ,3
Norman2019_GEARS_processed_mirror,B4_pca_ridge,L3,COMPLETED_SEED_ROBUSTNESS,23,0.31930226081801505,0.15328220921372135,0.4920735736503722,,UNVERIFIED,0.0017391304347826088,0.0,0.004347826086956522,0.2847568310706307,0.20143925073036603,0.37464340952053626,0.043478260869565216,0.21739130434782608,0.1623605004820365,BOOTSTRAP_PERTURBATION_LEVEL,Baseline pseudobulk pilot; replicate upper bound not yet verified. ,3
Norman2019_GEARS_processed_mirror,B5_mean_effect,L3,COMPLETED_SEED_ROBUSTNESS,23,0.3236237978368737,0.1596049215266497,0.4918193475391411,,UNVERIFIED,0.0008695652173913044,0.0,0.002608695652173913,0.27736724523113937,0.19447499570372911,0.36892077676576723,0.043478260869565216,0.21739130434782608,0.1623605004820365,BOOTSTRAP_PERTURBATION_LEVEL,Baseline pseudobulk pilot; replicate upper bound not yet verified. ,3
Norman2019_GEARS_processed_mirror,FP1_perturbation_blind_mean_effect,L3,COMPLETED_SEED_ROBUSTNESS,23,0.3236237978368737,0.1596049215266497,0.4918193475391411,,UNVERIFIED,0.0008695652173913044,0.0,0.002608695652173913,0.27736724523113937,0.19447499570372911,0.36892077676576723,0.043478260869565216,0.21739130434782608,0.1623605004820365,BOOTSTRAP_PERTURBATION_LEVEL,Perturbation-blind mean-effect shortcut probe; replicate upper bound not yet verified. ,3
Norman2019_GEARS_processed_mirror,FP2_cell_state_blind_additive,L3,COMPLETED_SEED_ROBUSTNESS,23,0.3236237978368737,0.1596049215266497,0.4918193475391411,,UNVERIFIED,0.0008695652173913044,0.0,0.002608695652173913,0.27736724523113937,0.19447499570372911,0.36892077676576723,0.043478260869565216,0.21739130434782608,0.1623605004820365,BOOTSTRAP_PERTURBATION_LEVEL,Cell-state-blind additive perturbation identity probe; replicate upper bound not yet verified. ,3
Norman2019_GEARS_processed_mirror,B0_no_change,L1,COMPLETED_SEED_ROBUSTNESS,57,,,,,UNVERIFIED,0.5291228070175439,0.5203421052631579,0.5379035087719298,1.0,1.0,1.0,,,,NO_FINITE_VALUES,Baseline pseudobulk pilot; replicate upper bound not yet verified. Delta Pearson undefined for zero-vector prediction.,4
Norman2019_GEARS_processed_mirror,B1_global_perturbed_mean,L1,COMPLETED_SEED_ROBUSTNESS,57,0.5420408718844567,0.49862291327873354,0.5899791200356734,,UNVERIFIED,0.0028070175438596493,0.0007017543859649123,0.004912280701754386,0.17377435684071837,0.1459954233409611,0.2061507523750087,0.017543859649122806,0.08771929824561403,0.08121075814793602,BOOTSTRAP_PERTURBATION_LEVEL,Baseline pseudobulk pilot; replicate upper bound not yet verified. ,4
Norman2019_GEARS_processed_mirror,B2_context_matched_perturbed_mean,L1,COMPLETED_SEED_ROBUSTNESS,57,0.5420408718844567,0.49862291327873354,0.5899791200356734,,UNVERIFIED,0.0028070175438596493,0.0007017543859649123,0.004912280701754386,0.17377435684071837,0.1459954233409611,0.2061507523750087,0.017543859649122806,0.08771929824561403,0.08121075814793602,BOOTSTRAP_PERTURBATION_LEVEL,Baseline pseudobulk pilot; replicate upper bound not yet verified. ,4
Norman2019_GEARS_processed_mirror,B3_additive_seen_component,L1,COMPLETED_SEED_ROBUSTNESS,57,0.6931086298561251,0.6272253357684444,0.7513242453617989,,UNVERIFIED,0.002105263157894737,0.0007017543859649123,0.0038596491228070177,0.12225227099368977,0.09158865543304902,0.15607447472436034,0.43859649122807015,0.543859649122807,0.5017165986191364,BOOTSTRAP_PERTURBATION_LEVEL,Baseline pseudobulk pilot; replicate upper bound not yet verified. ,4
Norman2019_GEARS_processed_mirror,B4_pca_ridge,L1,COMPLETED_SEED_ROBUSTNESS,57,0.69215037280086,0.6461864658297414,0.7375797026950272,,UNVERIFIED,0.002456140350877193,0.0007017543859649123,0.004912280701754386,0.11455516261008251,0.09152624644615491,0.13962450592885375,0.22807017543859648,0.45614035087719296,0.34773103080742934,BOOTSTRAP_PERTURBATION_LEVEL,Baseline pseudobulk pilot; replicate upper bound not yet verified. ,4
Norman2019_GEARS_processed_mirror,B5_mean_effect,L1,COMPLETED_SEED_ROBUSTNESS,57,0.5420408718844567,0.49862291327873354,0.5899791200356734,,UNVERIFIED,0.0028070175438596493,0.0007017543859649123,0.004912280701754386,0.17377435684071837,0.1459954233409611,0.2061507523750087,0.017543859649122806,0.08771929824561403,0.08121075814793602,BOOTSTRAP_PERTURBATION_LEVEL,Baseline pseudobulk pilot; replicate upper bound not yet verified. ,4
Norman2019_GEARS_processed_mirror,FP1_perturbation_blind_mean_effect,L1,COMPLETED_SEED_ROBUSTNESS,57,0.5420408718844567,0.49862291327873354,0.5899791200356734,,UNVERIFIED,0.0028070175438596493,0.0007017543859649123,0.004912280701754386,0.17377435684071837,0.1459954233409611,0.2061507523750087,0.017543859649122806,0.08771929824561403,0.08121075814793602,BOOTSTRAP_PERTURBATION_LEVEL,Perturbation-blind mean-effect shortcut probe; replicate upper bound not yet verified. ,4
Norman2019_GEARS_processed_mirror,FP2_cell_state_blind_additive,L1,COMPLETED_SEED_ROBUSTNESS,57,0.6931086298561251,0.6272253357684444,0.7513242453617989,,UNVERIFIED,0.002105263157894737,0.0007017543859649123,0.0038596491228070177,0.12225227099368977,0.09158865543304902,0.15607447472436034,0.43859649122807015,0.543859649122807,0.5017165986191364,BOOTSTRAP_PERTURBATION_LEVEL,Cell-state-blind additive perturbation identity probe; replicate upper bound not yet verified. ,4
Norman2019_GEARS_processed_mirror,B0_no_change,L2,COMPLETED_SEED_ROBUSTNESS,35,,,,,UNVERIFIED,0.5182857142857142,0.5062857142857143,0.5314285714285715,1.0,1.0,1.0,,,,NO_FINITE_VALUES,Baseline pseudobulk pilot; replicate upper bound not yet verified. Delta Pearson undefined for zero-vector prediction.,4
Norman2019_GEARS_processed_mirror,B1_global_perturbed_mean,L2,COMPLETED_SEED_ROBUSTNESS,35,0.5338129643517273,0.44668298426467007,0.6086462375261368,,UNVERIFIED,0.001142857142857143,0.0,0.002857142857142857,0.19830604178430267,0.1555872388481084,0.2476284584980238,0.02857142857142857,0.14285714285714285,0.11847946911476746,BOOTSTRAP_PERTURBATION_LEVEL,Baseline pseudobulk pilot; replicate upper bound not yet verified. ,4
Norman2019_GEARS_processed_mirror,B2_context_matched_perturbed_mean,L2,COMPLETED_SEED_ROBUSTNESS,35,0.5338129643517273,0.44668298426467007,0.6086462375261368,,UNVERIFIED,0.001142857142857143,0.0,0.002857142857142857,0.19830604178430267,0.1555872388481084,0.2476284584980238,0.02857142857142857,0.14285714285714285,0.11847946911476746,BOOTSTRAP_PERTURBATION_LEVEL,Baseline pseudobulk pilot; replicate upper bound not yet verified. ,4
Norman2019_GEARS_processed_mirror,B3_additive_seen_component,L2,COMPLETED_SEED_ROBUSTNESS,35,0.5338129643517273,0.44668298426467007,0.6086462375261368,,UNVERIFIED,0.001142857142857143,0.0,0.002857142857142857,0.19830604178430267,0.1555872388481084,0.2476284584980238,0.02857142857142857,0.14285714285714285,0.11847946911476746,BOOTSTRAP_PERTURBATION_LEVEL,Baseline pseudobulk pilot; replicate upper bound not yet verified. ,4
Norman2019_GEARS_processed_mirror,B4_pca_ridge,L2,COMPLETED_SEED_ROBUSTNESS,35,0.5554528219556101,0.46862672825429535,0.636203316974199,,UNVERIFIED,0.001142857142857143,0.0,0.002857142857142857,0.18961038961038962,0.14498870694522867,0.23989836250705818,0.02857142857142857,0.14285714285714285,0.11847946911476748,BOOTSTRAP_PERTURBATION_LEVEL,Baseline pseudobulk pilot; replicate upper bound not yet verified. ,4
Norman2019_GEARS_processed_mirror,B5_mean_effect,L2,COMPLETED_SEED_ROBUSTNESS,35,0.5338129643517273,0.44668298426467007,0.6086462375261368,,UNVERIFIED,0.001142857142857143,0.0,0.002857142857142857,0.19830604178430267,0.1555872388481084,0.2476284584980238,0.02857142857142857,0.14285714285714285,0.11847946911476746,BOOTSTRAP_PERTURBATION_LEVEL,Baseline pseudobulk pilot; replicate upper bound not yet verified. ,4
Norman2019_GEARS_processed_mirror,FP1_perturbation_blind_mean_effect,L2,COMPLETED_SEED_ROBUSTNESS,35,0.5338129643517273,0.44668298426467007,0.6086462375261368,,UNVERIFIED,0.001142857142857143,0.0,0.002857142857142857,0.19830604178430267,0.1555872388481084,0.2476284584980238,0.02857142857142857,0.14285714285714285,0.11847946911476746,BOOTSTRAP_PERTURBATION_LEVEL,Perturbation-blind mean-effect shortcut probe; replicate upper bound not yet verified. ,4
Norman2019_GEARS_processed_mirror,FP2_cell_state_blind_additive,L2,COMPLETED_SEED_ROBUSTNESS,35,0.5338129643517273,0.44668298426467007,0.6086462375261368,,UNVERIFIED,0.001142857142857143,0.0,0.002857142857142857,0.19830604178430267,0.1555872388481084,0.2476284584980238,0.02857142857142857,0.14285714285714285,0.11847946911476746,BOOTSTRAP_PERTURBATION_LEVEL,Cell-state-blind additive perturbation identity probe; replicate upper bound not yet verified. ,4
Norman2019_GEARS_processed_mirror,B0_no_change,L3,COMPLETED_SEED_ROBUSTNESS,33,,,,,UNVERIFIED,0.5230303030303031,0.5126818181818181,0.536378787878788,1.0,1.0,1.0,,,,NO_FINITE_VALUES,Baseline pseudobulk pilot; replicate upper bound not yet verified. Delta Pearson undefined for zero-vector prediction.,4
Norman2019_GEARS_processed_mirror,B1_global_perturbed_mean,L3,COMPLETED_SEED_ROBUSTNESS,33,0.4514452954166353,0.3753418037113296,0.5281133062462224,,UNVERIFIED,0.0012121212121212121,0.0,0.0030303030303030303,0.22673374056773266,0.1874416097736256,0.27433824410109,0.030303030303030304,0.15151515151515152,0.12390297653756213,BOOTSTRAP_PERTURBATION_LEVEL,Baseline pseudobulk pilot; replicate upper bound not yet verified. ,4
Norman2019_GEARS_processed_mirror,B2_context_matched_perturbed_mean,L3,COMPLETED_SEED_ROBUSTNESS,33,0.4514452954166353,0.3753418037113296,0.5281133062462224,,UNVERIFIED,0.0012121212121212121,0.0,0.0030303030303030303,0.22673374056773266,0.1874416097736256,0.27433824410109,0.030303030303030304,0.15151515151515152,0.12390297653756213,BOOTSTRAP_PERTURBATION_LEVEL,Baseline pseudobulk pilot; replicate upper bound not yet verified. ,4
Norman2019_GEARS_processed_mirror,B3_additive_seen_component,L3,COMPLETED_SEED_ROBUSTNESS,33,0.4514452954166353,0.3753418037113296,0.5281133062462224,,UNVERIFIED,0.0012121212121212121,0.0,0.0030303030303030303,0.22673374056773266,0.1874416097736256,0.27433824410109,0.030303030303030304,0.15151515151515152,0.12390297653756213,BOOTSTRAP_PERTURBATION_LEVEL,Baseline pseudobulk pilot; replicate upper bound not yet verified. ,4
Norman2019_GEARS_processed_mirror,B4_pca_ridge,L3,COMPLETED_SEED_ROBUSTNESS,33,0.4552645463866588,0.3787515369164414,0.5316955860172341,,UNVERIFIED,0.0018181818181818182,0.0,0.003636363636363637,0.22841058809438258,0.1881572643430351,0.2763235117978201,0.030303030303030304,0.15151515151515152,0.12390297653756213,BOOTSTRAP_PERTURBATION_LEVEL,Baseline pseudobulk pilot; replicate upper bound not yet verified. ,4
Norman2019_GEARS_processed_mirror,B5_mean_effect,L3,COMPLETED_SEED_ROBUSTNESS,33,0.4514452954166353,0.3753418037113296,0.5281133062462224,,UNVERIFIED,0.0012121212121212121,0.0,0.0030303030303030303,0.22673374056773266,0.1874416097736256,0.27433824410109,0.030303030303030304,0.15151515151515152,0.12390297653756213,BOOTSTRAP_PERTURBATION_LEVEL,Baseline pseudobulk pilot; replicate upper bound not yet verified. ,4
Norman2019_GEARS_processed_mirror,FP1_perturbation_blind_mean_effect,L3,COMPLETED_SEED_ROBUSTNESS,33,0.4514452954166353,0.3753418037113296,0.5281133062462224,,UNVERIFIED,0.0012121212121212121,0.0,0.0030303030303030303,0.22673374056773266,0.1874416097736256,0.27433824410109,0.030303030303030304,0.15151515151515152,0.12390297653756213,BOOTSTRAP_PERTURBATION_LEVEL,Perturbation-blind mean-effect shortcut probe; replicate upper bound not yet verified. ,4
Norman2019_GEARS_processed_mirror,FP2_cell_state_blind_additive,L3,COMPLETED_SEED_ROBUSTNESS,33,0.4514452954166353,0.3753418037113296,0.5281133062462224,,UNVERIFIED,0.0012121212121212121,0.0,0.0030303030303030303,0.22673374056773266,0.1874416097736256,0.27433824410109,0.030303030303030304,0.15151515151515152,0.12390297653756213,BOOTSTRAP_PERTURBATION_LEVEL,Cell-state-blind additive perturbation identity probe; replicate upper bound not yet verified. ,4
Norman2019_GEARS_processed_mirror,B0_no_change,L1,COMPLETED_SEED_ROBUSTNESS,57,,,,,UNVERIFIED,0.535438596491228,0.5245526315789475,0.5449298245614036,1.0,1.0,1.0,,,,NO_FINITE_VALUES,Baseline pseudobulk pilot; replicate upper bound not yet verified. Delta Pearson undefined for zero-vector prediction.,5
Norman2019_GEARS_processed_mirror,B1_global_perturbed_mean,L1,COMPLETED_SEED_ROBUSTNESS,57,0.5425512081796454,0.49345126282997254,0.596955695258588,,UNVERIFIED,0.0014035087719298247,0.00035087719298245617,0.0028070175438596493,0.17141668400249638,0.1510418833645378,0.18946154912974136,0.017543859649122806,0.08771929824561403,0.08121075814793602,BOOTSTRAP_PERTURBATION_LEVEL,Baseline pseudobulk pilot; replicate upper bound not yet verified. ,5
Norman2019_GEARS_processed_mirror,B2_context_matched_perturbed_mean,L1,COMPLETED_SEED_ROBUSTNESS,57,0.5425512081796454,0.49345126282997254,0.596955695258588,,UNVERIFIED,0.0014035087719298247,0.00035087719298245617,0.0028070175438596493,0.17141668400249638,0.1510418833645378,0.18946154912974136,0.017543859649122806,0.08771929824561403,0.08121075814793602,BOOTSTRAP_PERTURBATION_LEVEL,Baseline pseudobulk pilot; replicate upper bound not yet verified. ,5
Norman2019_GEARS_processed_mirror,B3_additive_seen_component,L1,COMPLETED_SEED_ROBUSTNESS,57,0.7585053299433046,0.7023426988100626,0.8076760566060812,,UNVERIFIED,0.0010526315789473684,0.0,0.002105263157894737,0.09153318077803203,0.06896713126690243,0.11728035503779212,0.42105263157894735,0.5964912280701754,0.5228501745464861,BOOTSTRAP_PERTURBATION_LEVEL,Baseline pseudobulk pilot; replicate upper bound not yet verified. ,5
Norman2019_GEARS_processed_mirror,B4_pca_ridge,L1,COMPLETED_SEED_ROBUSTNESS,57,0.6815362547258202,0.6346089216716554,0.7287489451308786,,UNVERIFIED,0.0014035087719298247,0.00035087719298245617,0.0028070175438596493,0.11101865335274945,0.09099230289161638,0.1294258373205742,0.19298245614035087,0.42105263157894735,0.31266172317628244,BOOTSTRAP_PERTURBATION_LEVEL,Baseline pseudobulk pilot; replicate upper bound not yet verified. ,5
Norman2019_GEARS_processed_mirror,B5_mean_effect,L1,COMPLETED_SEED_ROBUSTNESS,57,0.5425512081796454,0.49345126282997254,0.596955695258588,,UNVERIFIED,0.0014035087719298247,0.00035087719298245617,0.0028070175438596493,0.17141668400249638,0.1510418833645378,0.18946154912974136,0.017543859649122806,0.08771929824561403,0.08121075814793602,BOOTSTRAP_PERTURBATION_LEVEL,Baseline pseudobulk pilot; replicate upper bound not yet verified. ,5
Norman2019_GEARS_processed_mirror,FP1_perturbation_blind_mean_effect,L1,COMPLETED_SEED_ROBUSTNESS,57,0.5425512081796454,0.49345126282997254,0.596955695258588,,UNVERIFIED,0.0014035087719298247,0.00035087719298245617,0.0028070175438596493,0.17141668400249638,0.1510418833645378,0.18946154912974136,0.017543859649122806,0.08771929824561403,0.08121075814793602,BOOTSTRAP_PERTURBATION_LEVEL,Perturbation-blind mean-effect shortcut probe; replicate upper bound not yet verified. ,5
Norman2019_GEARS_processed_mirror,FP2_cell_state_blind_additive,L1,COMPLETED_SEED_ROBUSTNESS,57,0.7585053299433046,0.7023426988100626,0.8076760566060812,,UNVERIFIED,0.0010526315789473684,0.0,0.002105263157894737,0.09153318077803203,0.06896713126690243,0.11728035503779212,0.42105263157894735,0.5964912280701754,0.5228501745464861,BOOTSTRAP_PERTURBATION_LEVEL,Cell-state-blind additive perturbation identity probe; replicate upper bound not yet verified. ,5
Norman2019_GEARS_processed_mirror,B0_no_change,L2,COMPLETED_SEED_ROBUSTNESS,36,,,,,UNVERIFIED,0.5155555555555555,0.5021944444444444,0.5272222222222223,1.0,1.0,1.0,,,,NO_FINITE_VALUES,Baseline pseudobulk pilot; replicate upper bound not yet verified. Delta Pearson undefined for zero-vector prediction.,5
Norman2019_GEARS_processed_mirror,B1_global_perturbed_mean,L2,COMPLETED_SEED_ROBUSTNESS,36,0.3004841479360704,0.2118166711009922,0.3960818039241916,,UNVERIFIED,0.0005555555555555556,0.0,0.0016666666666666666,0.29479578392621875,0.23815876152832674,0.34861385595081246,0.027777777777777776,0.1388888888888889,0.11595997768873996,BOOTSTRAP_PERTURBATION_LEVEL,Baseline pseudobulk pilot; replicate upper bound not yet verified. ,5
Norman2019_GEARS_processed_mirror,B2_context_matched_perturbed_mean,L2,COMPLETED_SEED_ROBUSTNESS,36,0.3004841479360704,0.2118166711009922,0.3960818039241916,,UNVERIFIED,0.0005555555555555556,0.0,0.0016666666666666666,0.29479578392621875,0.23815876152832674,0.34861385595081246,0.027777777777777776,0.1388888888888889,0.11595997768873996,BOOTSTRAP_PERTURBATION_LEVEL,Baseline pseudobulk pilot; replicate upper bound not yet verified. ,5
Norman2019_GEARS_processed_mirror,B3_additive_seen_component,L2,COMPLETED_SEED_ROBUSTNESS,36,0.3004841479360704,0.2118166711009922,0.3960818039241916,,UNVERIFIED,0.0005555555555555556,0.0,0.0016666666666666666,0.29479578392621875,0.23815876152832674,0.34861385595081246,0.027777777777777776,0.1388888888888889,0.11595997768873996,BOOTSTRAP_PERTURBATION_LEVEL,Baseline pseudobulk pilot; replicate upper bound not yet verified. ,5
Norman2019_GEARS_processed_mirror,B4_pca_ridge,L2,COMPLETED_SEED_ROBUSTNESS,36,0.31643249063240464,0.23142275154737083,0.4187918853890953,,UNVERIFIED,0.0005555555555555556,0.0,0.0016666666666666666,0.28930610452349587,0.23268280632411067,0.3422348484848485,0.027777777777777776,0.1388888888888889,0.11595997768873996,BOOTSTRAP_PERTURBATION_LEVEL,Baseline pseudobulk pilot; replicate upper bound not yet verified. ,5
Norman2019_GEARS_processed_mirror,B5_mean_effect,L2,COMPLETED_SEED_ROBUSTNESS,36,0.3004841479360704,0.2118166711009922,0.3960818039241916,,UNVERIFIED,0.0005555555555555556,0.0,0.0016666666666666666,0.29479578392621875,0.23815876152832674,0.34861385595081246,0.027777777777777776,0.1388888888888889,0.11595997768873996,BOOTSTRAP_PERTURBATION_LEVEL,Baseline pseudobulk pilot; replicate upper bound not yet verified. ,5
Norman2019_GEARS_processed_mirror,FP1_perturbation_blind_mean_effect,L2,COMPLETED_SEED_ROBUSTNESS,36,0.3004841479360704,0.2118166711009922,0.3960818039241916,,UNVERIFIED,0.0005555555555555556,0.0,0.0016666666666666666,0.29479578392621875,0.23815876152832674,0.34861385595081246,0.027777777777777776,0.1388888888888889,0.11595997768873996,BOOTSTRAP_PERTURBATION_LEVEL,Perturbation-blind mean-effect shortcut probe; replicate upper bound not yet verified. ,5
Norman2019_GEARS_processed_mirror,FP2_cell_state_blind_additive,L2,COMPLETED_SEED_ROBUSTNESS,36,0.3004841479360704,0.2118166711009922,0.3960818039241916,,UNVERIFIED,0.0005555555555555556,0.0,0.0016666666666666666,0.29479578392621875,0.23815876152832674,0.34861385595081246,0.027777777777777776,0.1388888888888889,0.11595997768873996,BOOTSTRAP_PERTURBATION_LEVEL,Cell-state-blind additive perturbation identity probe; replicate upper bound not yet verified. ,5
Norman2019_GEARS_processed_mirror,B0_no_change,L3,COMPLETED_SEED_ROBUSTNESS,25,,,,,UNVERIFIED,0.5144000000000001,0.5032000000000001,0.5256200000000001,1.0,1.0,1.0,,,,NO_FINITE_VALUES,Baseline pseudobulk pilot; replicate upper bound not yet verified. Delta Pearson undefined for zero-vector prediction.,5
Norman2019_GEARS_processed_mirror,B1_global_perturbed_mean,L3,COMPLETED_SEED_ROBUSTNESS,25,0.5804278058779623,0.5206599287599054,0.646342079810531,,UNVERIFIED,0.0008,0.0,0.0024,0.18102766798418973,0.14748221343873522,0.21330830039525697,0.04,0.2,0.15263832711014028,BOOTSTRAP_PERTURBATION_LEVEL,Baseline pseudobulk pilot; replicate upper bound not yet verified. ,5
Norman2019_GEARS_processed_mirror,B2_context_matched_perturbed_mean,L3,COMPLETED_SEED_ROBUSTNESS,25,0.5804278058779623,0.5206599287599054,0.646342079810531,,UNVERIFIED,0.0008,0.0,0.0024,0.18102766798418973,0.14748221343873522,0.21330830039525697,0.04,0.2,0.15263832711014028,BOOTSTRAP_PERTURBATION_LEVEL,Baseline pseudobulk pilot; replicate upper bound not yet verified. ,5
Norman2019_GEARS_processed_mirror,B3_additive_seen_component,L3,COMPLETED_SEED_ROBUSTNESS,25,0.5804278058779623,0.5206599287599054,0.646342079810531,,UNVERIFIED,0.0008,0.0,0.0024,0.18102766798418973,0.14748221343873522,0.21330830039525697,0.04,0.2,0.15263832711014028,BOOTSTRAP_PERTURBATION_LEVEL,Baseline pseudobulk pilot; replicate upper bound not yet verified. ,5
Norman2019_GEARS_processed_mirror,B4_pca_ridge,L3,COMPLETED_SEED_ROBUSTNESS,25,0.6071775376175894,0.5465728681162414,0.6713668683601757,,UNVERIFIED,0.0008,0.0,0.0024,0.16158102766798418,0.13011462450592884,0.18956916996047435,0.04,0.2,0.15263832711014025,BOOTSTRAP_PERTURBATION_LEVEL,Baseline pseudobulk pilot; replicate upper bound not yet verified. ,5
Norman2019_GEARS_processed_mirror,B5_mean_effect,L3,COMPLETED_SEED_ROBUSTNESS,25,0.5804278058779623,0.5206599287599054,0.646342079810531,,UNVERIFIED,0.0008,0.0,0.0024,0.18102766798418973,0.14748221343873522,0.21330830039525697,0.04,0.2,0.15263832711014028,BOOTSTRAP_PERTURBATION_LEVEL,Baseline pseudobulk pilot; replicate upper bound not yet verified. ,5
Norman2019_GEARS_processed_mirror,FP1_perturbation_blind_mean_effect,L3,COMPLETED_SEED_ROBUSTNESS,25,0.5804278058779623,0.5206599287599054,0.646342079810531,,UNVERIFIED,0.0008,0.0,0.0024,0.18102766798418973,0.14748221343873522,0.21330830039525697,0.04,0.2,0.15263832711014028,BOOTSTRAP_PERTURBATION_LEVEL,Perturbation-blind mean-effect shortcut probe; replicate upper bound not yet verified. ,5
Norman2019_GEARS_processed_mirror,FP2_cell_state_blind_additive,L3,COMPLETED_SEED_ROBUSTNESS,25,0.5804278058779623,0.5206599287599054,0.646342079810531,,UNVERIFIED,0.0008,0.0,0.0024,0.18102766798418973,0.14748221343873522,0.21330830039525697,0.04,0.2,0.15263832711014028,BOOTSTRAP_PERTURBATION_LEVEL,Cell-state-blind additive perturbation identity probe; replicate upper bound not yet verified. ,5
